Peripheral :Control
Name	Value	Access	Address
ACTLR	0x00000000	read-write	@ 0xE000E008
 DISOOFP	0
 DISFPCA	0
 DISFOLD	0
 DISDEFWBUF	0
 DISMCYCINT	0

ICSR	0x00000000	read-write	@ 0xE000ED04
 NMIPENDSET	0
 PENDSVSET	0
 PENDSVCLR	0
 PENDSTSET	0
 PENDSTCLR	0
 ISRPREEMPT	0
 ISRPENDING	0
 VECTPENDING	0x0
 RETTOBASE	0
 VECTACTIVE	0x0

VTOR	0x00000000	read-write	@ 0xE000ED08
 TBLOFF	0x0
 TBLBASE	0

DEMCR	0x00000000	read-only	@ 0xE000EDFC
 MON_EN	0
 MON_PEND	0

AIRCR	0xFA050000	read-write	@ 0xE000ED0C
 VECTKEY	0xFA05
 VECTKEYSTAT	0xFA05
 ENDIANNESS	0
 PRIGROUP	0x0
 SYSRESETREQ	0
 VECTCLRACTIVE	0

SCR	0x00000000	read-write	@ 0xE000ED10
 SEVONPEND	0
 SLEEPDEEP	0
 SLEEPONEXIT	0

CCR	0x00000200	read-write	@ 0xE000ED14
 STKALIGN	1
 BFHFNMIGN	0
 DIV_0_TRP	0
 UNALIGN_TRP	0
 USERSETMPEND	0
 NONBASETHRDENA	0

SHPR1	0x00000000	read-write	@ 0xE000ED18
 PRI_7	0x0
 PRI_6	0x0
 PRI_5	0x0
 PRI_4	0x0

SHPR2	0x00000000	read-write	@ 0xE000ED1C
 PRI_11	0x0
 PRI_10	0x0
 PRI_9	0x0
 PRI_8	0x0

SHPR3	0x00000000	read-write	@ 0xE000ED20
 PRI_15	0x0
 PRI_14	0x0
 PRI_13	0x0
 PRI_12	0x0

SHCSR	0x00000000	read-write	@ 0xE000ED24
 USGFAULTENA	0
 BUSFAULTENA	0
 MEMFAULTENA	0
 SVCALLPENDED	0
 BUSFAULTPENDED	0
 MEMFAULTPENDED	0
 USGFAULTPENDED	0
 SYSTICKACT	0
 PENDSVACT	0
 MONITORACT	0
 SVCALLACT	0
 USGFAULTACT	0
 BUSFAULTACT	0
 MEMFAULTACT	0

CFSR	0x00000000	read-write	@ 0xE000ED28
 DIVBYZERO	0
 UNALIGNED	0
 NOCP	0
 INVPC	0
 INVSTATE	0
 UNDEFINSTR	0
 BFARVALID	0
 LSPERR	0
 STKERR	0
 UNSTKERR	0
 IMPRECISERR	0
 PRECISERR	0
 IBUSERR	0
 MMARVALID	0
 MLSPERR	0
 MSTKERR	0
 MUNSTKERR	0
 DACCVIOL	0
 IACCVIOL	0

HFSR	0x00000000	read-write	@ 0xE000ED2C
 DEBUGEVT	0
 FORCED	0
 VECTTBL	0

DFSR	0x00000008	read-write	@ 0xE000ED30
 EXTERNAL	0
 VCATCH	1
 DWTTRAP	0
 BKPT	0
 HALTED	0

MMFAR	0xE000EDF8	read-write	@ 0xE000ED34

BFAR	0xE000EDF8	read-write	@ 0xE000ED38

AFSR	0x00000000	read-write	@ 0xE000ED3C

CPACR	0x00000000	read-write	@ 0xE000ED88
 CP11	0x0
 CP10	0x0
 CP7	0x0
 CP6	0x0
 CP5	0x0
 CP4	0x0
 CP3	0x0
 CP2	0x0
 CP1	0x0
 CP0	0x0

STIR	write-only	write-only	@ 0xE000EF00
 INTID	W

Peripheral :FPE
Name	Value	Access	Address
FPCCR	0xC0000000	read-write	@ 0xE000EF34
 ASPEN	1
 LSPEN	1
 MONRDY	0
 BFRDY	0
 MMRDY	0
 HFRDY	0
 THREAD	0
 USER	0
 LSPACT	0

FPCAR	0x00000000	read-write	@ 0xE000EF38

FPDSCR	0x00000000	read-write	@ 0xE000EF3C
 AHP	0
 DN	0
 FZ	0
 RMode	0x0

MVFR0	0x10110021	read-only	@ 0xE000EF40
 FP_Rounding_modes	0x1
 Short_vectors	0x0
 Square_root	0x1
 Divide	0x1
 FP_exception_trapping	0x0
 Double_precision	0x0
 Single_precision	0x2
 A_SIMD	0x1

MVFR1	0xC0000000	read-only	@ 0xE000EF34
 FP_fused_MAC	0xC
 FP_HPFP	0x0
 D_NaN	0x0
 FtZ	0x0

Peripheral :ID
Name	Value	Access	Address
CPUID	0x410FC241	read-only	@ 0xE000ED00
 Implementer	0x41
 Variant	0x0
 Constant	0xF
 Partno	0xC24
 Revision	0x1

ID_PFR0	0x00000030	read-only	@ 0xE000ED40
 State1	0x3

ID_PFR1	0x00000200	read-only	@ 0xE000ED44
 M_Profile	0x2

ID_DFR0	0x00100000	read-only	@ 0xE000ED48
 M_Profile	0x1

ID_AFR0	0x00000000	read-only	@ 0xE000ED4C

ID_MMFR0	0x00100030	read-only	@ 0xE000ED50
 Auxiliary_registers	0x1
 Shareability_levels	0x0
 Outermost_shareability	0x0
 PMSA	0x3

ID_MMFR1	0x00000000	read-only	@ 0xE000ED54

ID_MMFR2	0x01000000	read-only	@ 0xE000ED58
 WFI	0x1

ID_MMFR3	0x00000000	read-only	@ 0xE000ED5C

ID_ISAR0	0x01101110	read-only	@ 0xE000ED60
 Divide_instrs	0x1
 Debug_instrs	0x1
 Coproc_instrs	0x0
 CmpBranch_instrs	0x1
 Bitfield_instrs	0x1
 BitCount_instrs	0x1

ID_ISAR1	0x02112000	read-only	@ 0xE000ED64
 Interwork_instrs	0x2
 Immediate_instrs	0x1
 IfThen_instrs	0x1
 Extend_instrs	0x2

ID_ISAR2	0x21232231	read-only	@ 0xE000ED68
 Reversal_instrs	0x2
 MultU_instrs	0x2
 MultS_instrs	0x3
 Mult_instrs	0x2
 MultiAccessInt_instrs	0x2
 MultiAccessInt_instrs	0x3
 LoadStore_instrs	0x1

ID_ISAR3	0x01111131	read-only	@ 0xE000ED6C
 TrueNOP_instrs	0x1
 ThumbCopy_instrs	0x1
 TabBranch_instrs	0x1
 SynchPrim_instrs	0x1
 SVC_instrs	0x1
 SIMD_instrs	0x3
 Saturate_instrs	0x1

ID_ISAR4	0x01310132	read-only	@ 0xE000ED70
 PSR_M_instrs	0x1
 SynchPrim_instrs_frac	0x3
 Barrier_instrs	0x1
 Writeback_instrs	0x1
 WithShifts_instrs	0x3
 Unpriv_instrs	0x2

Peripheral :MPU
Name	Value	Access	Address
MPU_TYPE	0x00000800	read-only	@ 0xE000ED90
 SEPARATE	0
 DREGION	0x8
 IREGION	0x0

MPU_CTRL	0x00000000	read-write	@ 0xE000ED94
 ENABLE	0
 HFNMIENA	0
 PRIVDEFENA	0

MPU_RNR	0x00000000	read-write	@ 0xE000ED98
 REGION	0x0

MPU_RBAR	0x00000000	read-write	@ 0xE000ED9C
 REGION	0x0
 VALID	0
 ADDR	0x0

MPU_RASR	0x00000000	read-write	@ 0xE000EDA0
 ENABLE	0
 SIZE	0x0
 SRD	0x0
 B	0
 C	0
 S	0
 TEX	0x0
 AP	0x0
 XN	0

MPU_RBAR_A1	0x00000000	read-write	@ 0xE000EDA4
 REGION	0x0
 VALID	0
 ADDR	0x0

MPU_RASR_A1	0x00000000	read-write	@ 0xE000EDA8
 ENABLE	0
 SIZE	0x0
 SRD	0x0
 B	0
 C	0
 S	0
 TEX	0x0
 AP	0x0
 XN	0

MPU_RBAR_A2	0x00000000	read-write	@ 0xE000EDAC
 REGION	0x0
 VALID	0
 ADDR	0x0

MPU_RASR_A2	0x00000000	read-write	@ 0xE000EDB0
 ENABLE	0
 SIZE	0x0
 SRD	0x0
 B	0
 C	0
 S	0
 TEX	0x0
 AP	0x0
 XN	0

MPU_RBAR_A3	0x00000000	read-write	@ 0xE000EDB4
 REGION	0x0
 VALID	0
 ADDR	0x0

MPU_RASR_A3	0x00000000	read-write	@ 0xE000EDB8
 ENABLE	0
 SIZE	0x0
 SRD	0x0
 B	0
 C	0
 S	0
 TEX	0x0
 AP	0x0
 XN	0

Peripheral :NVIC
Name	Value	Access	Address
NVIC_ISER0	0x00000000	read-write	@ 0xE000E100
 SETENA	0x0

NVIC_ISER1	0x00000000	read-write	@ 0xE000E104
 SETENA	0x0

NVIC_ISER2	0x00000000	read-write	@ 0xE000E108
 SETENA	0x0

NVIC_ISER3	0x00000000	read-write	@ 0xE000E10C
 SETENA	0x0

NVIC_ISER4	0x00000000	read-write	@ 0xE000E110
 SETENA	0x0

NVIC_ISER5	0x00000000	read-write	@ 0xE000E114
 SETENA	0x0

NVIC_ISER6	0x00000000	read-write	@ 0xE000E118
 SETENA	0x0

NVIC_ISER7	0x00000000	read-write	@ 0xE000E11C
 SETENA	0x0

NVIC_ICER0	0x00000000	read-write	@ 0xE000E180
 CLRENA	0x0

NVIC_ICER1	0x00000000	read-write	@ 0xE000E184
 CLRENA	0x0

NVIC_ICER2	0x00000000	read-write	@ 0xE000E188
 CLRENA	0x0

NVIC_ICER3	0x00000000	read-write	@ 0xE000E18C
 CLRENA	0x0

NVIC_ICER4	0x00000000	read-write	@ 0xE000E190
 CLRENA	0x0

NVIC_ICER5	0x00000000	read-write	@ 0xE000E194
 CLRENA	0x0

NVIC_ICER6	0x00000000	read-write	@ 0xE000E198
 CLRENA	0x0

NVIC_ICER7	0x00000000	read-write	@ 0xE000E19C
 CLRENA	0x0

NVIC_ISPR0	0x00000000	read-write	@ 0xE000E200
 SETPEND	0x0

NVIC_ISPR1	0x00000000	read-write	@ 0xE000E204
 SETPEND	0x0

NVIC_ISPR2	0x00000000	read-write	@ 0xE000E208
 SETPEND	0x0

NVIC_ISPR3	0x00000000	read-write	@ 0xE000E20C
 SETPEND	0x0

NVIC_ISPR4	0x00000000	read-write	@ 0xE000E210
 SETPEND	0x0

NVIC_ISPR5	0x00000000	read-write	@ 0xE000E214
 SETPEND	0x0

NVIC_ISPR6	0x00000000	read-write	@ 0xE000E218
 SETPEND	0x0

NVIC_ISPR7	0x00000000	read-write	@ 0xE000E21C
 SETPEND	0x0

NVIC_ICPR0	0x00000000	read-write	@ 0xE000E280
 CLRPEND	0x0

NVIC_ICPR1	0x00000000	read-write	@ 0xE000E284
 CLRPEND	0x0

NVIC_ICPR2	0x00000000	read-write	@ 0xE000E288
 CLRPEND	0x0

NVIC_ICPR3	0x00000000	read-write	@ 0xE000E28C
 CLRPEND	0x0

NVIC_ICPR4	0x00000000	read-write	@ 0xE000E290
 CLRPEND	0x0

NVIC_ICPR5	0x00000000	read-write	@ 0xE000E294
 CLRPEND	0x0

NVIC_ICPR6	0x00000000	read-write	@ 0xE000E298
 CLRPEND	0x0

NVIC_ICPR7	0x00000000	read-write	@ 0xE000E29C
 CLRPEND	0x0

NVIC_IABR0	0x00000000	read-write	@ 0xE000E300
 ACTIVE	0x0

NVIC_IABR1	0x00000000	read-write	@ 0xE000E304
 ACTIVE	0x0

NVIC_IABR2	0x00000000	read-write	@ 0xE000E308
 ACTIVE	0x0

NVIC_IABR3	0x00000000	read-write	@ 0xE000E30C
 ACTIVE	0x0

NVIC_IABR4	0x00000000	read-write	@ 0xE000E310
 ACTIVE	0x0

NVIC_IABR5	0x00000000	read-write	@ 0xE000E314
 ACTIVE	0x0

NVIC_IABR6	0x00000000	read-write	@ 0xE000E318
 ACTIVE	0x0

NVIC_IABR7	0x00000000	read-write	@ 0xE000E31C
 ACTIVE	0x0

NVIC_IPR0	0x00000000	read-write	@ 0xE000E400
 PRI_N3	0x0
 PRI_N2	0x0
 PRI_N1	0x0
 PRI_N0	0x0

NVIC_IPR1	0x00000000	read-write	@ 0xE000E404
 PRI_N3	0x0
 PRI_N2	0x0
 PRI_N1	0x0
 PRI_N0	0x0

NVIC_IPR2	0x00000000	read-write	@ 0xE000E408
 PRI_N3	0x0
 PRI_N2	0x0
 PRI_N1	0x0
 PRI_N0	0x0

NVIC_IPR3	0x00000000	read-write	@ 0xE000E40C
 PRI_N3	0x0
 PRI_N2	0x0
 PRI_N1	0x0
 PRI_N0	0x0

NVIC_IPR4	0x00000000	read-write	@ 0xE000E410
 PRI_N3	0x0
 PRI_N2	0x0
 PRI_N1	0x0
 PRI_N0	0x0

NVIC_IPR5	0x00000000	read-write	@ 0xE000E414
 PRI_N3	0x0
 PRI_N2	0x0
 PRI_N1	0x0
 PRI_N0	0x0

NVIC_IPR6	0x00000000	read-write	@ 0xE000E418
 PRI_N3	0x0
 PRI_N2	0x0
 PRI_N1	0x0
 PRI_N0	0x0

NVIC_IPR7	0x00000000	read-write	@ 0xE000E41C
 PRI_N3	0x0
 PRI_N2	0x0
 PRI_N1	0x0
 PRI_N0	0x0

NVIC_IPR8	0x00000000	read-write	@ 0xE000E420
 PRI_N3	0x0
 PRI_N2	0x0
 PRI_N1	0x0
 PRI_N0	0x0

NVIC_IPR9	0x00000000	read-write	@ 0xE000E424
 PRI_N3	0x0
 PRI_N2	0x0
 PRI_N1	0x0
 PRI_N0	0x0

NVIC_IPR10	0x00000000	read-write	@ 0xE000E428
 PRI_N3	0x0
 PRI_N2	0x0
 PRI_N1	0x0
 PRI_N0	0x0

NVIC_IPR11	0x00000000	read-write	@ 0xE000E42C
 PRI_N3	0x0
 PRI_N2	0x0
 PRI_N1	0x0
 PRI_N0	0x0

NVIC_IPR12	0x00000000	read-write	@ 0xE000E430
 PRI_N3	0x0
 PRI_N2	0x0
 PRI_N1	0x0
 PRI_N0	0x0

NVIC_IPR13	0x00000000	read-write	@ 0xE000E434
 PRI_N3	0x0
 PRI_N2	0x0
 PRI_N1	0x0
 PRI_N0	0x0

NVIC_IPR14	0x00000000	read-write	@ 0xE000E438
 PRI_N3	0x0
 PRI_N2	0x0
 PRI_N1	0x0
 PRI_N0	0x0

NVIC_IPR15	0x00000000	read-write	@ 0xE000E43C
 PRI_N3	0x0
 PRI_N2	0x0
 PRI_N1	0x0
 PRI_N0	0x0

NVIC_IPR16	0x00000000	read-write	@ 0xE000E440
 PRI_N3	0x0
 PRI_N2	0x0
 PRI_N1	0x0
 PRI_N0	0x0

NVIC_IPR17	0x00000000	read-write	@ 0xE000E444
 PRI_N3	0x0
 PRI_N2	0x0
 PRI_N1	0x0
 PRI_N0	0x0

NVIC_IPR18	0x00000000	read-write	@ 0xE000E448
 PRI_N3	0x0
 PRI_N2	0x0
 PRI_N1	0x0
 PRI_N0	0x0

NVIC_IPR19	0x00000000	read-write	@ 0xE000E44C
 PRI_N3	0x0
 PRI_N2	0x0
 PRI_N1	0x0
 PRI_N0	0x0

NVIC_IPR20	0x00000000	read-write	@ 0xE000E450
 PRI_N3	0x0
 PRI_N2	0x0
 PRI_N1	0x0
 PRI_N0	0x0

NVIC_IPR21	0x00000000	read-write	@ 0xE000E454
 PRI_N3	0x0
 PRI_N2	0x0
 PRI_N1	0x0
 PRI_N0	0x0

NVIC_IPR22	0x00000000	read-write	@ 0xE000E458
 PRI_N3	0x0
 PRI_N2	0x0
 PRI_N1	0x0
 PRI_N0	0x0

NVIC_IPR23	0x00000000	read-write	@ 0xE000E45C
 PRI_N3	0x0
 PRI_N2	0x0
 PRI_N1	0x0
 PRI_N0	0x0

NVIC_IPR24	0x00000000	read-write	@ 0xE000E460
 PRI_N3	0x0
 PRI_N2	0x0
 PRI_N1	0x0
 PRI_N0	0x0

NVIC_IPR25	0x00000000	read-write	@ 0xE000E464
 PRI_N3	0x0
 PRI_N2	0x0
 PRI_N1	0x0
 PRI_N0	0x0

NVIC_IPR26	0x00000000	read-write	@ 0xE000E468
 PRI_N3	0x0
 PRI_N2	0x0
 PRI_N1	0x0
 PRI_N0	0x0

NVIC_IPR27	0x00000000	read-write	@ 0xE000E46C
 PRI_N3	0x0
 PRI_N2	0x0
 PRI_N1	0x0
 PRI_N0	0x0

NVIC_IPR28	0x00000000	read-write	@ 0xE000E470
 PRI_N3	0x0
 PRI_N2	0x0
 PRI_N1	0x0
 PRI_N0	0x0

NVIC_IPR29	0x00000000	read-write	@ 0xE000E474
 PRI_N3	0x0
 PRI_N2	0x0
 PRI_N1	0x0
 PRI_N0	0x0

NVIC_IPR30	0x00000000	read-write	@ 0xE000E478
 PRI_N3	0x0
 PRI_N2	0x0
 PRI_N1	0x0
 PRI_N0	0x0

NVIC_IPR31	0x00000000	read-write	@ 0xE000E47C
 PRI_N3	0x0
 PRI_N2	0x0
 PRI_N1	0x0
 PRI_N0	0x0

NVIC_IPR32	0x00000000	read-write	@ 0xE000E480
 PRI_N3	0x0
 PRI_N2	0x0
 PRI_N1	0x0
 PRI_N0	0x0

NVIC_IPR33	0x00000000	read-write	@ 0xE000E484
 PRI_N3	0x0
 PRI_N2	0x0
 PRI_N1	0x0
 PRI_N0	0x0

NVIC_IPR34	0x00000000	read-write	@ 0xE000E488
 PRI_N3	0x0
 PRI_N2	0x0
 PRI_N1	0x0
 PRI_N0	0x0

NVIC_IPR35	0x00000000	read-write	@ 0xE000E48C
 PRI_N3	0x0
 PRI_N2	0x0
 PRI_N1	0x0
 PRI_N0	0x0

NVIC_IPR36	0x00000000	read-write	@ 0xE000E490
 PRI_N3	0x0
 PRI_N2	0x0
 PRI_N1	0x0
 PRI_N0	0x0

NVIC_IPR37	0x00000000	read-write	@ 0xE000E494
 PRI_N3	0x0
 PRI_N2	0x0
 PRI_N1	0x0
 PRI_N0	0x0

NVIC_IPR38	0x00000000	read-write	@ 0xE000E498
 PRI_N3	0x0
 PRI_N2	0x0
 PRI_N1	0x0
 PRI_N0	0x0

NVIC_IPR39	0x00000000	read-write	@ 0xE000E49C
 PRI_N3	0x0
 PRI_N2	0x0
 PRI_N1	0x0
 PRI_N0	0x0

NVIC_IPR40	0x00000000	read-write	@ 0xE000E4A0
 PRI_N3	0x0
 PRI_N2	0x0
 PRI_N1	0x0
 PRI_N0	0x0

NVIC_IPR41	0x00000000	read-write	@ 0xE000E4A4
 PRI_N3	0x0
 PRI_N2	0x0
 PRI_N1	0x0
 PRI_N0	0x0

NVIC_IPR42	0x00000000	read-write	@ 0xE000E4A8
 PRI_N3	0x0
 PRI_N2	0x0
 PRI_N1	0x0
 PRI_N0	0x0

NVIC_IPR43	0x00000000	read-write	@ 0xE000E4AC
 PRI_N3	0x0
 PRI_N2	0x0
 PRI_N1	0x0
 PRI_N0	0x0

NVIC_IPR44	0x00000000	read-write	@ 0xE000E4B0
 PRI_N3	0x0
 PRI_N2	0x0
 PRI_N1	0x0
 PRI_N0	0x0

NVIC_IPR45	0x00000000	read-write	@ 0xE000E4B4
 PRI_N3	0x0
 PRI_N2	0x0
 PRI_N1	0x0
 PRI_N0	0x0

NVIC_IPR46	0x00000000	read-write	@ 0xE000E4B8
 PRI_N3	0x0
 PRI_N2	0x0
 PRI_N1	0x0
 PRI_N0	0x0

NVIC_IPR47	0x00000000	read-write	@ 0xE000E4BC
 PRI_N3	0x0
 PRI_N2	0x0
 PRI_N1	0x0
 PRI_N0	0x0

NVIC_IPR48	0x00000000	read-write	@ 0xE000E4C0
 PRI_N3	0x0
 PRI_N2	0x0
 PRI_N1	0x0
 PRI_N0	0x0

NVIC_IPR49	0x00000000	read-write	@ 0xE000E4C4
 PRI_N3	0x0
 PRI_N2	0x0
 PRI_N1	0x0
 PRI_N0	0x0

NVIC_IPR50	0x00000000	read-write	@ 0xE000E4C8
 PRI_N3	0x0
 PRI_N2	0x0
 PRI_N1	0x0
 PRI_N0	0x0

NVIC_IPR51	0x00000000	read-write	@ 0xE000E4CC
 PRI_N3	0x0
 PRI_N2	0x0
 PRI_N1	0x0
 PRI_N0	0x0

NVIC_IPR52	0x00000000	read-write	@ 0xE000E4D0
 PRI_N3	0x0
 PRI_N2	0x0
 PRI_N1	0x0
 PRI_N0	0x0

NVIC_IPR53	0x00000000	read-write	@ 0xE000E4D4
 PRI_N3	0x0
 PRI_N2	0x0
 PRI_N1	0x0
 PRI_N0	0x0

NVIC_IPR54	0x00000000	read-write	@ 0xE000E4D8
 PRI_N3	0x0
 PRI_N2	0x0
 PRI_N1	0x0
 PRI_N0	0x0

NVIC_IPR55	0x00000000	read-write	@ 0xE000E4DC
 PRI_N3	0x0
 PRI_N2	0x0
 PRI_N1	0x0
 PRI_N0	0x0

NVIC_IPR56	0x00000000	read-write	@ 0xE000E4E0
 PRI_N3	0x0
 PRI_N2	0x0
 PRI_N1	0x0
 PRI_N0	0x0

NVIC_IPR57	0x00000000	read-write	@ 0xE000E4E4
 PRI_N3	0x0
 PRI_N2	0x0
 PRI_N1	0x0
 PRI_N0	0x0

NVIC_IPR58	0x00000000	read-write	@ 0xE000E4E8
 PRI_N3	0x0
 PRI_N2	0x0
 PRI_N1	0x0
 PRI_N0	0x0

NVIC_IPR59	0x00000000	read-write	@ 0xE000E4EC
 PRI_N3	0x0
 PRI_N2	0x0
 PRI_N1	0x0
 PRI_N0	0x0

Peripheral :NVIC_STIR
Name	Value	Access	Address
STIR	write-only	write-only	@ 0xE000EF00
 INTID	W

Peripheral :SysTick
Name	Value	Access	Address
STCSR	0x00000000	read-write	@ 0xE000E010
 COUNTFLAG	0
 CLKSOURCE	0
 TICKINT	0
 ENABLE	0

STRVR	0x00000000	read-write	@ 0xE000E014
 RELOAD	0x0

STCVR	0x00000000	read-write	@ 0xE000E018
 CURRENT	0x0

STCR	0x4000270F	read-only	@ 0xE000E01C
 NOREF	0
 SKEW	1
 TENMS	0x270F

Peripheral :AES
Name	Value	Access	Address
CR	0x00000000	read-write	@ 0x50060000
 DMAOUTEN	0
 DMAINEN	0
 ERRIE	0
 CCFIE	0
 ERRC	0
 CCFC	0
 CHMOD	0x0
 MODE	0x0
 DATATYPE	0x0
 EN	0

SR	0x00000000	read-only	@ 0x50060004
 WRERR	0
 RDERR	0
 CCF	0

DINR	0x00000000	read-write	@ 0x50060008
 AES_DINR	0x0

DOUTR	0x00000000	read-only	@ 0x5006000C
 AES_DOUTR	0x0

KEYR0	0x00000000	read-write	@ 0x50060010
 AES_KEYR0	0x0

KEYR1	0x00000000	read-write	@ 0x50060014
 AES_KEYR1	0x0

KEYR2	0x00000000	read-write	@ 0x50060018
 AES_KEYR2	0x0

KEYR3	0x00000000	read-write	@ 0x5006001C
 AES_KEYR3	0x0

IVR0	0x00000000	read-write	@ 0x50060020
 AES_IVR0	0x0

IVR1	0x00000000	read-write	@ 0x50060024
 AES_IVR1	0x0

IVR2	0x00000000	read-write	@ 0x50060028
 AES_IVR2	0x0

IVR3	0x00000000	read-write	@ 0x5006002C
 AES_IVR3	0x0

Peripheral :ADC1
Name	Value	Access	Address
ADC_ISR	0x00000000	read-write	@ 0x50040000
 ADRDY	0
 EOSMP	0
 EOC	0
 EOS	0
 OVR	0
 JEOC	0
 JEOS	0
 AWD1	0
 AWD2	0
 AWD3	0
 JQOVF	0

ADC_IER	0x00000000	read-write	@ 0x50040004
 ADRDYIE	0
 EOSMPIE	0
 EOCIE	0
 EOSIE	0
 OVRIE	0
 JEOCIE	0
 JEOSIE	0
 AWD1IE	0
 AWD2IE	0
 AWD3IE	0
 JQOVFIE	0

ADC_CR	0x00000000	read-write	@ 0x50040008
 ADEN	0
 ADDIS	0
 ADSTART	0
 JADSTART	0
 ADSTP	0
 JADSTP	0
 ADVREGEN	0
 DEEPPWD	0
 ADCALDIF	0
 ADCAL	0

ADC_CFGR	0x00000000	read-write	@ 0x5004000C
 DMAEN	0
 DMACFG	0
 DFSDMCFG	0
 RES	0x0
 ALIGN	0
 EXTSEL0	0
 EXTSEL1	0
 EXTSEL2	0
 EXTSEL3	0
 EXTEN	0x0
 OVRMOD	0
 CONT	0
 AUTDLY	0
 DISCEN	0
 DISCNUM	0x0
 JDISCEN	0
 JQM	0
 AWD1SGL	0
 AWD1EN	0
 JAWD1EN	0
 JAUTO	0
 AWD1CH	0x0
 JQDIS	0

ADC_CFGR2	0x00000000	read-write	@ 0x50040010
 ROVSE	0
 JOVSE	0
 OVSR	0x0
 OVSS	0x0
 TROVS	0
 ROVSM	0

ADC_SMPR1	0x00000000	read-write	@ 0x50040014
 SMP0	0x0
 SMP1	0x0
 SMP2	0x0
 SMP3	0x0
 SMP4	0x0
 SMP5	0x0
 SMP6	0x0
 SMP7	0x0
 SMP8	0x0
 SMP9	0x0
 SMPPLUS	0

ADC_SMPR2	0x00000000	read-write	@ 0x50040018
 SMP10	0x0
 SMP11	0x0
 SMP12	0x0
 SMP13	0x0
 SMP14	0x0
 SMP15	0x0
 SMP16	0x0
 SMP17	0x0
 SMP18	0x0

ADC_TR1	0x00000000	read-write	@ 0x50040020
 LT1	0x0
 HT1	0x0

ADC_TR2	0x00000000	read-write	@ 0x50040024
 LT2	0x0
 HT2	0x0

ADC_TR3	0x00000000	read-write	@ 0x50040028
 LT3	0x0
 HT3	0x0

ADC_SQR1	0x00000000	read-write	@ 0x50040030
 L	0x0
 SQ1	0x0
 SQ2	0x0
 SQ3	0x0
 SQ4	0x0

ADC_SQR2	0x00000000	read-write	@ 0x50040034
 SQ5	0x0
 SQ6	0x0
 SQ7	0x0
 SQ8	0x0
 SQ9	0x0

ADC_SQR3	0x00000000	read-write	@ 0x50040038
 SQ10	0x0
 SQ11	0x0
 SQ12	0x0
 SQ13	0x0
 SQ14	0x0

ADC_SQR4	0x00000000	read-write	@ 0x5004003C
 SQ15	0x0
 SQ16	0x0

ADC_DR	0x00000000	read-write	@ 0x50040040
 RDATA	0x0

ADC_JSQR	0x00000000	read-write	@ 0x5004004C
 JL	0x0
 JEXTSEL	0x0
 JEXTEN	0x0
 JSQ1	0x0
 JSQ2	0x0
 JSQ3	0x0
 JSQ4	0x0

ADC_OFR1	0x00000000	read-write	@ 0x50040060
 OFFSET	0x0
 OFFSET_CH	0x0
 OFFSET_EN	0

ADC_OFR2	0x00000000	read-write	@ 0x50040064
 OFFSET	0x0
 OFFSET_CH	0x0
 OFFSET_EN	0

ADC_OFR3	0x00000000	read-write	@ 0x50040068
 OFFSET	0x0
 OFFSET_CH	0x0
 OFFSET_EN	0

ADC_OFR4	0x00000000	read-write	@ 0x5004006C
 OFFSET	0x0
 OFFSET_CH	0x0
 OFFSET_EN	0

ADC_JDR1	0x00000000	read-write	@ 0x50040080
 JDATA	0x0

ADC_JDR2	0x00000000	read-write	@ 0x50040084
 JDATA	0x0

ADC_JDR3	0x00000000	read-write	@ 0x50040088
 JDATA	0x0

ADC_JDR4	0x00000000	read-write	@ 0x5004008C
 JDATA	0x0

ADC_AWD2CR	0x00000000	read-write	@ 0x500400A0
 AWD2CH	0x0

ADC_AWD3CR	0x00000000	read-write	@ 0x500400A4
 AWD3CH	0x0

ADC_DIFSEL	0x00000000	read-write	@ 0x500400B0
 DIFSEL	0x0

ADC_CALFACT	0x00000000	read-write	@ 0x500400B4
 CALFACT_S	0x0
 CALFACT_D	0x0

Peripheral :ADC2
Name	Value	Access	Address
ADC_ISR	0x00000000	read-write	@ 0x50040100
 ADRDY	0
 EOSMP	0
 EOC	0
 EOS	0
 OVR	0
 JEOC	0
 JEOS	0
 AWD1	0
 AWD2	0
 AWD3	0
 JQOVF	0

ADC_IER	0x00000000	read-write	@ 0x50040104
 ADRDYIE	0
 EOSMPIE	0
 EOCIE	0
 EOSIE	0
 OVRIE	0
 JEOCIE	0
 JEOSIE	0
 AWD1IE	0
 AWD2IE	0
 AWD3IE	0
 JQOVFIE	0

ADC_CR	0x00000000	read-write	@ 0x50040108
 ADEN	0
 ADDIS	0
 ADSTART	0
 JADSTART	0
 ADSTP	0
 JADSTP	0
 ADVREGEN	0
 DEEPPWD	0
 ADCALDIF	0
 ADCAL	0

ADC_CFGR	0x00000000	read-write	@ 0x5004010C
 DMAEN	0
 DMACFG	0
 DFSDMCFG	0
 RES	0x0
 ALIGN	0
 EXTSEL0	0
 EXTSEL1	0
 EXTSEL2	0
 EXTSEL3	0
 EXTEN	0x0
 OVRMOD	0
 CONT	0
 AUTDLY	0
 DISCEN	0
 DISCNUM	0x0
 JDISCEN	0
 JQM	0
 AWD1SGL	0
 AWD1EN	0
 JAWD1EN	0
 JAUTO	0
 AWD1CH	0x0
 JQDIS	0

ADC_CFGR2	0x00000000	read-write	@ 0x50040110
 ROVSE	0
 JOVSE	0
 OVSR	0x0
 OVSS	0x0
 TROVS	0
 ROVSM	0

ADC_SMPR1	0x00000000	read-write	@ 0x50040114
 SMP0	0x0
 SMP1	0x0
 SMP2	0x0
 SMP3	0x0
 SMP4	0x0
 SMP5	0x0
 SMP6	0x0
 SMP7	0x0
 SMP8	0x0
 SMP9	0x0
 SMPPLUS	0

ADC_SMPR2	0x00000000	read-write	@ 0x50040118
 SMP10	0x0
 SMP11	0x0
 SMP12	0x0
 SMP13	0x0
 SMP14	0x0
 SMP15	0x0
 SMP16	0x0
 SMP17	0x0
 SMP18	0x0

ADC_TR1	0x00000000	read-write	@ 0x50040120
 LT1	0x0
 HT1	0x0

ADC_TR2	0x00000000	read-write	@ 0x50040124
 LT2	0x0
 HT2	0x0

ADC_TR3	0x00000000	read-write	@ 0x50040128
 LT3	0x0
 HT3	0x0

ADC_SQR1	0x00000000	read-write	@ 0x50040130
 L	0x0
 SQ1	0x0
 SQ2	0x0
 SQ3	0x0
 SQ4	0x0

ADC_SQR2	0x00000000	read-write	@ 0x50040134
 SQ5	0x0
 SQ6	0x0
 SQ7	0x0
 SQ8	0x0
 SQ9	0x0

ADC_SQR3	0x00000000	read-write	@ 0x50040138
 SQ10	0x0
 SQ11	0x0
 SQ12	0x0
 SQ13	0x0
 SQ14	0x0

ADC_SQR4	0x00000000	read-write	@ 0x5004013C
 SQ15	0x0
 SQ16	0x0

ADC_DR	0x00000000	read-write	@ 0x50040140
 RDATA	0x0

ADC_JSQR	0x00000000	read-write	@ 0x5004014C
 JL	0x0
 JEXTSEL	0x0
 JEXTEN	0x0
 JSQ1	0x0
 JSQ2	0x0
 JSQ3	0x0
 JSQ4	0x0

ADC_OFR1	0x00000000	read-write	@ 0x50040160
 OFFSET	0x0
 OFFSET_CH	0x0
 OFFSET_EN	0

ADC_OFR2	0x00000000	read-write	@ 0x50040164
 OFFSET	0x0
 OFFSET_CH	0x0
 OFFSET_EN	0

ADC_OFR3	0x00000000	read-write	@ 0x50040168
 OFFSET	0x0
 OFFSET_CH	0x0
 OFFSET_EN	0

ADC_OFR4	0x00000000	read-write	@ 0x5004016C
 OFFSET	0x0
 OFFSET_CH	0x0
 OFFSET_EN	0

ADC_JDR1	0x00000000	read-write	@ 0x50040180
 JDATA	0x0

ADC_JDR2	0x00000000	read-write	@ 0x50040184
 JDATA	0x0

ADC_JDR3	0x00000000	read-write	@ 0x50040188
 JDATA	0x0

ADC_JDR4	0x00000000	read-write	@ 0x5004018C
 JDATA	0x0

ADC_AWD2CR	0x00000000	read-write	@ 0x500401A0
 AWD2CH	0x0

ADC_AWD3CR	0x00000000	read-write	@ 0x500401A4
 AWD3CH	0x0

ADC_DIFSEL	0x00000000	read-write	@ 0x500401B0
 DIFSEL	0x0

ADC_CALFACT	0x00000000	read-write	@ 0x500401B4
 CALFACT_S	0x0
 CALFACT_D	0x0

Peripheral :ADC3
Name	Value	Access	Address
ADC_ISR	0x00000000	read-write	@ 0x50040200
 ADRDY	0
 EOSMP	0
 EOC	0
 EOS	0
 OVR	0
 JEOC	0
 JEOS	0
 AWD1	0
 AWD2	0
 AWD3	0
 JQOVF	0

ADC_IER	0x00000000	read-write	@ 0x50040204
 ADRDYIE	0
 EOSMPIE	0
 EOCIE	0
 EOSIE	0
 OVRIE	0
 JEOCIE	0
 JEOSIE	0
 AWD1IE	0
 AWD2IE	0
 AWD3IE	0
 JQOVFIE	0

ADC_CR	0x00000000	read-write	@ 0x50040208
 ADEN	0
 ADDIS	0
 ADSTART	0
 JADSTART	0
 ADSTP	0
 JADSTP	0
 ADVREGEN	0
 DEEPPWD	0
 ADCALDIF	0
 ADCAL	0

ADC_CFGR	0x00000000	read-write	@ 0x5004020C
 DMAEN	0
 DMACFG	0
 DFSDMCFG	0
 RES	0x0
 ALIGN	0
 EXTSEL0	0
 EXTSEL1	0
 EXTSEL2	0
 EXTSEL3	0
 EXTEN	0x0
 OVRMOD	0
 CONT	0
 AUTDLY	0
 DISCEN	0
 DISCNUM	0x0
 JDISCEN	0
 JQM	0
 AWD1SGL	0
 AWD1EN	0
 JAWD1EN	0
 JAUTO	0
 AWD1CH	0x0
 JQDIS	0

ADC_CFGR2	0x00000000	read-write	@ 0x50040210
 ROVSE	0
 JOVSE	0
 OVSR	0x0
 OVSS	0x0
 TROVS	0
 ROVSM	0

ADC_SMPR1	0x00000000	read-write	@ 0x50040214
 SMP0	0x0
 SMP1	0x0
 SMP2	0x0
 SMP3	0x0
 SMP4	0x0
 SMP5	0x0
 SMP6	0x0
 SMP7	0x0
 SMP8	0x0
 SMP9	0x0
 SMPPLUS	0

ADC_SMPR2	0x00000000	read-write	@ 0x50040218
 SMP10	0x0
 SMP11	0x0
 SMP12	0x0
 SMP13	0x0
 SMP14	0x0
 SMP15	0x0
 SMP16	0x0
 SMP17	0x0
 SMP18	0x0

ADC_TR1	0x00000000	read-write	@ 0x50040220
 LT1	0x0
 HT1	0x0

ADC_TR2	0x00000000	read-write	@ 0x50040224
 LT2	0x0
 HT2	0x0

ADC_TR3	0x00000000	read-write	@ 0x50040228
 LT3	0x0
 HT3	0x0

ADC_SQR1	0x00000000	read-write	@ 0x50040230
 L	0x0
 SQ1	0x0
 SQ2	0x0
 SQ3	0x0
 SQ4	0x0

ADC_SQR2	0x00000000	read-write	@ 0x50040234
 SQ5	0x0
 SQ6	0x0
 SQ7	0x0
 SQ8	0x0
 SQ9	0x0

ADC_SQR3	0x00000000	read-write	@ 0x50040238
 SQ10	0x0
 SQ11	0x0
 SQ12	0x0
 SQ13	0x0
 SQ14	0x0

ADC_SQR4	0x00000000	read-write	@ 0x5004023C
 SQ15	0x0
 SQ16	0x0

ADC_DR	0x00000000	read-write	@ 0x50040240
 RDATA	0x0

ADC_JSQR	0x00000000	read-write	@ 0x5004024C
 JL	0x0
 JEXTSEL	0x0
 JEXTEN	0x0
 JSQ1	0x0
 JSQ2	0x0
 JSQ3	0x0
 JSQ4	0x0

ADC_OFR1	0x00000000	read-write	@ 0x50040260
 OFFSET	0x0
 OFFSET_CH	0x0
 OFFSET_EN	0

ADC_OFR2	0x00000000	read-write	@ 0x50040264
 OFFSET	0x0
 OFFSET_CH	0x0
 OFFSET_EN	0

ADC_OFR3	0x00000000	read-write	@ 0x50040268
 OFFSET	0x0
 OFFSET_CH	0x0
 OFFSET_EN	0

ADC_OFR4	0x00000000	read-write	@ 0x5004026C
 OFFSET	0x0
 OFFSET_CH	0x0
 OFFSET_EN	0

ADC_JDR1	0x00000000	read-write	@ 0x50040280
 JDATA	0x0

ADC_JDR2	0x00000000	read-write	@ 0x50040284
 JDATA	0x0

ADC_JDR3	0x00000000	read-write	@ 0x50040288
 JDATA	0x0

ADC_JDR4	0x00000000	read-write	@ 0x5004028C
 JDATA	0x0

ADC_AWD2CR	0x00000000	read-write	@ 0x500402A0
 AWD2CH	0x0

ADC_AWD3CR	0x00000000	read-write	@ 0x500402A4
 AWD3CH	0x0

ADC_DIFSEL	0x00000000	read-write	@ 0x500402B0
 DIFSEL	0x0

ADC_CALFACT	0x00000000	read-write	@ 0x500402B4
 CALFACT_S	0x0
 CALFACT_D	0x0

Peripheral :ADC123_Common
Name	Value	Access	Address
ADC_CSR	0x00000000	read-write	@ 0x50040300
 ADRDY_MST	0
 EOSMP_MST	0
 EOC_MST	0
 EOS_MST	0
 OVR_MST	0
 JEOC_MST	0
 JEOS_MST	0
 AWD1_MST	0
 AWD2_MST	0
 AWD3_MST	0
 JQOVF_MST	0
 ADRDY_SLV	0
 EOSMP_SLV	0
 EOC_SLV	0
 EOS_SLV	0
 OVR_SLV	0
 JEOC_SLV	0
 JEOS_SLV	0
 AWD1_SLV	0
 AWD2_SLV	0
 AWD3_SLV	0
 JQOVF_SLV	0

ADC_CCR	0x00000000	read-write	@ 0x50040308
 DUAL	0x0
 DELAY	0x0
 DMACFG	0
 MDMA	0x0
 CKMODE	0x0
 PRESC	0x0
 VREFEN	0
 CH17SEL	0
 CH18SEL	0

ADC_CDR	0x00000000	read-write	@ 0x5004030C
 RDATA_MST	0x0
 RDATA_SLV	0x0

Peripheral :DAC1
Name	Value	Access	Address
CR	0x00000000	read-write	@ 0x40007400
 EN1	0
 TEN1	0
 TSEL1	0x0
 WAVE1	0x0
 MAMP1	0x0
 DMAEN1	0
 DMAUDRIE1	0
 CEN1	0
 EN2	0
 TEN2	0
 TSEL2	0x0
 WAVE2	0x0
 MAMP2	0x0
 DMAEN2	0
 DMAUDRIE2	0
 CEN2	0

SWTRIGR	write-only	write-only	@ 0x40007404
 SWTRIG1	W
 SWTRIG2	W

DHR12R1	0x00000000	read-write	@ 0x40007408
 DACC1DHR	0x0

DHR12L1	0x00000000	read-write	@ 0x4000740C
 DACC1DHR	0x0

DHR8R1	0x00000000	read-write	@ 0x40007410
 DACC1DHR	0x0

DHR12R2	0x00000000	read-write	@ 0x40007414
 DACC2DHR	0x0

DHR12L2	0x00000000	read-write	@ 0x40007418
 DACC2DHR	0x0

DHR8R2	0x00000000	read-write	@ 0x4000741C
 DACC2DHR	0x0

DHR12RD	0x00000000	read-write	@ 0x40007420
 DACC1DHR	0x0
 DACC2DHR	0x0

DHR12LD	0x00000000	read-write	@ 0x40007424
 DACC1DHR	0x0
 DACC2DHR	0x0

DHR8RD	0x00000000	read-write	@ 0x40007428
 DACC1DHR	0x0
 DACC2DHR	0x0

DOR1	0x00000000	read-only	@ 0x4000742C
 DACC1DOR	0x0

DOR2	0x00000000	read-only	@ 0x40007430
 DACC2DOR	0x0

SR	0x00000000	read-write	@ 0x40007434
 DMAUDR1	0
 CAL_FLAG1	0
 BWST1	0
 DMAUDR2	0
 CAL_FLAG2	0
 BWST2	0

CCR	0x00160010	read-write	@ 0x40007438
 OTRIM1	0x10
 OTRIM2	0x16

MCR	0x00000000	read-write	@ 0x4000743C
 MODE1	0x0
 MODE2	0x0

SHSR1	0x00000000	read-write	@ 0x40007440
 TSAMPLE1	0x0

SHSR2	0x00000000	read-write	@ 0x40007444
 TSAMPLE2	0x0

SHHR	0x00010001	read-write	@ 0x40007448
 THOLD1	0x1
 THOLD2	0x1

SHRR	0x00010001	read-write	@ 0x4000744C
 TREFRESH1	0x1
 TREFRESH2	0x1

Peripheral :DMA1
Name	Value	Access	Address
ISR	0x00000000	read-only	@ 0x40020000
 TEIF7	0
 HTIF7	0
 TCIF7	0
 GIF7	0
 TEIF6	0
 HTIF6	0
 TCIF6	0
 GIF6	0
 TEIF5	0
 HTIF5	0
 TCIF5	0
 GIF5	0
 TEIF4	0
 HTIF4	0
 TCIF4	0
 GIF4	0
 TEIF3	0
 HTIF3	0
 TCIF3	0
 GIF3	0
 TEIF2	0
 HTIF2	0
 TCIF2	0
 GIF2	0
 TEIF1	0
 HTIF1	0
 TCIF1	0
 GIF1	0

IFCR	write-only	write-only	@ 0x40020004
 CTEIF7	W
 CHTIF7	W
 CTCIF7	W
 CGIF7	W
 CTEIF6	W
 CHTIF6	W
 CTCIF6	W
 CGIF6	W
 CTEIF5	W
 CHTIF5	W
 CTCIF5	W
 CGIF5	W
 CTEIF4	W
 CHTIF4	W
 CTCIF4	W
 CGIF4	W
 CTEIF3	W
 CHTIF3	W
 CTCIF3	W
 CGIF3	W
 CTEIF2	W
 CHTIF2	W
 CTCIF2	W
 CGIF2	W
 CTEIF1	W
 CHTIF1	W
 CTCIF1	W
 CGIF1	W

CCR1	0x00000000	read-write	@ 0x40020008
 MEM2MEM	0
 PL	0x0
 MSIZE	0x0
 PSIZE	0x0
 MINC	0
 PINC	0
 CIRC	0
 DIR	0
 TEIE	0
 HTIE	0
 TCIE	0
 EN	0

CNDTR1	0x00000000	read-write	@ 0x4002000C
 NDT	0x0

CPAR1	0x00000000	read-write	@ 0x40020010
 PA	0x0

CMAR1	0x00000000	read-write	@ 0x40020014
 MA	0x0

CCR2	0x00000000	read-write	@ 0x4002001C
 MEM2MEM	0
 PL	0x0
 MSIZE	0x0
 PSIZE	0x0
 MINC	0
 PINC	0
 CIRC	0
 DIR	0
 TEIE	0
 HTIE	0
 TCIE	0
 EN	0

CNDTR2	0x00000000	read-write	@ 0x40020020
 NDT	0x0

CPAR2	0x00000000	read-write	@ 0x40020024
 PA	0x0

CMAR2	0x00000000	read-write	@ 0x40020028
 MA	0x0

CCR3	0x00000000	read-write	@ 0x40020030
 MEM2MEM	0
 PL	0x0
 MSIZE	0x0
 PSIZE	0x0
 MINC	0
 PINC	0
 CIRC	0
 DIR	0
 TEIE	0
 HTIE	0
 TCIE	0
 EN	0

CNDTR3	0x00000000	read-write	@ 0x40020034
 NDT	0x0

CPAR3	0x00000000	read-write	@ 0x40020038
 PA	0x0

CMAR3	0x00000000	read-write	@ 0x4002003C
 MA	0x0

CCR4	0x00000000	read-write	@ 0x40020044
 MEM2MEM	0
 PL	0x0
 MSIZE	0x0
 PSIZE	0x0
 MINC	0
 PINC	0
 CIRC	0
 DIR	0
 TEIE	0
 HTIE	0
 TCIE	0
 EN	0

CNDTR4	0x00000000	read-write	@ 0x40020048
 NDT	0x0

CPAR4	0x00000000	read-write	@ 0x4002004C
 PA	0x0

CMAR4	0x00000000	read-write	@ 0x40020050
 MA	0x0

CCR5	0x00000000	read-write	@ 0x40020058
 MEM2MEM	0
 PL	0x0
 MSIZE	0x0
 PSIZE	0x0
 MINC	0
 PINC	0
 CIRC	0
 DIR	0
 TEIE	0
 HTIE	0
 TCIE	0
 EN	0

CNDTR5	0x00000000	read-write	@ 0x4002005C
 NDT	0x0

CPAR5	0x00000000	read-write	@ 0x40020060
 PA	0x0

CMAR5	0x00000000	read-write	@ 0x40020064
 MA	0x0

CCR6	0x00000000	read-write	@ 0x4002006C
 MEM2MEM	0
 PL	0x0
 MSIZE	0x0
 PSIZE	0x0
 MINC	0
 PINC	0
 CIRC	0
 DIR	0
 TEIE	0
 HTIE	0
 TCIE	0
 EN	0

CNDTR6	0x00000000	read-write	@ 0x40020070
 NDT	0x0

CPAR6	0x00000000	read-write	@ 0x40020074
 PA	0x0

CMAR6	0x00000000	read-write	@ 0x40020078
 MA	0x0

CCR7	0x00000000	read-write	@ 0x40020080
 MEM2MEM	0
 PL	0x0
 MSIZE	0x0
 PSIZE	0x0
 MINC	0
 PINC	0
 CIRC	0
 DIR	0
 TEIE	0
 HTIE	0
 TCIE	0
 EN	0

CNDTR7	0x00000000	read-write	@ 0x40020084
 NDT	0x0

CPAR7	0x00000000	read-write	@ 0x40020088
 PA	0x0

CMAR7	0x00000000	read-write	@ 0x4002008C
 MA	0x0

CSELR	0x00000000	read-write	@ 0x400200A8
 C7S	0x0
 C6S	0x0
 C5S	0x0
 C4S	0x0
 C3S	0x0
 C2S	0x0
 C1S	0x0

Peripheral :DMA2
Name	Value	Access	Address
ISR	0x00000000	read-only	@ 0x40020400
 TEIF7	0
 HTIF7	0
 TCIF7	0
 GIF7	0
 TEIF6	0
 HTIF6	0
 TCIF6	0
 GIF6	0
 TEIF5	0
 HTIF5	0
 TCIF5	0
 GIF5	0
 TEIF4	0
 HTIF4	0
 TCIF4	0
 GIF4	0
 TEIF3	0
 HTIF3	0
 TCIF3	0
 GIF3	0
 TEIF2	0
 HTIF2	0
 TCIF2	0
 GIF2	0
 TEIF1	0
 HTIF1	0
 TCIF1	0
 GIF1	0

IFCR	write-only	write-only	@ 0x40020404
 CTEIF7	W
 CHTIF7	W
 CTCIF7	W
 CGIF7	W
 CTEIF6	W
 CHTIF6	W
 CTCIF6	W
 CGIF6	W
 CTEIF5	W
 CHTIF5	W
 CTCIF5	W
 CGIF5	W
 CTEIF4	W
 CHTIF4	W
 CTCIF4	W
 CGIF4	W
 CTEIF3	W
 CHTIF3	W
 CTCIF3	W
 CGIF3	W
 CTEIF2	W
 CHTIF2	W
 CTCIF2	W
 CGIF2	W
 CTEIF1	W
 CHTIF1	W
 CTCIF1	W
 CGIF1	W

CCR1	0x00000000	read-write	@ 0x40020408
 MEM2MEM	0
 PL	0x0
 MSIZE	0x0
 PSIZE	0x0
 MINC	0
 PINC	0
 CIRC	0
 DIR	0
 TEIE	0
 HTIE	0
 TCIE	0
 EN	0

CNDTR1	0x00000000	read-write	@ 0x4002040C
 NDT	0x0

CPAR1	0x00000000	read-write	@ 0x40020410
 PA	0x0

CMAR1	0x00000000	read-write	@ 0x40020414
 MA	0x0

CCR2	0x00000000	read-write	@ 0x4002041C
 MEM2MEM	0
 PL	0x0
 MSIZE	0x0
 PSIZE	0x0
 MINC	0
 PINC	0
 CIRC	0
 DIR	0
 TEIE	0
 HTIE	0
 TCIE	0
 EN	0

CNDTR2	0x00000000	read-write	@ 0x40020420
 NDT	0x0

CPAR2	0x00000000	read-write	@ 0x40020424
 PA	0x0

CMAR2	0x00000000	read-write	@ 0x40020428
 MA	0x0

CCR3	0x00000000	read-write	@ 0x40020430
 MEM2MEM	0
 PL	0x0
 MSIZE	0x0
 PSIZE	0x0
 MINC	0
 PINC	0
 CIRC	0
 DIR	0
 TEIE	0
 HTIE	0
 TCIE	0
 EN	0

CNDTR3	0x00000000	read-write	@ 0x40020434
 NDT	0x0

CPAR3	0x00000000	read-write	@ 0x40020438
 PA	0x0

CMAR3	0x00000000	read-write	@ 0x4002043C
 MA	0x0

CCR4	0x00000000	read-write	@ 0x40020444
 MEM2MEM	0
 PL	0x0
 MSIZE	0x0
 PSIZE	0x0
 MINC	0
 PINC	0
 CIRC	0
 DIR	0
 TEIE	0
 HTIE	0
 TCIE	0
 EN	0

CNDTR4	0x00000000	read-write	@ 0x40020448
 NDT	0x0

CPAR4	0x00000000	read-write	@ 0x4002044C
 PA	0x0

CMAR4	0x00000000	read-write	@ 0x40020450
 MA	0x0

CCR5	0x00000000	read-write	@ 0x40020458
 MEM2MEM	0
 PL	0x0
 MSIZE	0x0
 PSIZE	0x0
 MINC	0
 PINC	0
 CIRC	0
 DIR	0
 TEIE	0
 HTIE	0
 TCIE	0
 EN	0

CNDTR5	0x00000000	read-write	@ 0x4002045C
 NDT	0x0

CPAR5	0x00000000	read-write	@ 0x40020460
 PA	0x0

CMAR5	0x00000000	read-write	@ 0x40020464
 MA	0x0

CCR6	0x00000000	read-write	@ 0x4002046C
 MEM2MEM	0
 PL	0x0
 MSIZE	0x0
 PSIZE	0x0
 MINC	0
 PINC	0
 CIRC	0
 DIR	0
 TEIE	0
 HTIE	0
 TCIE	0
 EN	0

CNDTR6	0x00000000	read-write	@ 0x40020470
 NDT	0x0

CPAR6	0x00000000	read-write	@ 0x40020474
 PA	0x0

CMAR6	0x00000000	read-write	@ 0x40020478
 MA	0x0

CCR7	0x00000000	read-write	@ 0x40020480
 MEM2MEM	0
 PL	0x0
 MSIZE	0x0
 PSIZE	0x0
 MINC	0
 PINC	0
 CIRC	0
 DIR	0
 TEIE	0
 HTIE	0
 TCIE	0
 EN	0

CNDTR7	0x00000000	read-write	@ 0x40020484
 NDT	0x0

CPAR7	0x00000000	read-write	@ 0x40020488
 PA	0x0

CMAR7	0x00000000	read-write	@ 0x4002048C
 MA	0x0

CSELR	0x00000000	read-write	@ 0x400204A8
 C7S	0x0
 C6S	0x0
 C5S	0x0
 C4S	0x0
 C3S	0x0
 C2S	0x0
 C1S	0x0

Peripheral :CRC
Name	Value	Access	Address
DR	0x00000000	read-write	@ 0x40023000
 DR	0x0

IDR	0x00000000	read-write	@ 0x40023004
 IDR	0x0

CR	0x00000000	read-write	@ 0x40023008
 REV_OUT	0
 REV_IN	0x0
 POLYSIZE	0x0
 RESET	0

INIT	0x00000000	read-write	@ 0x40023010
 CRC_INIT	0x0

POL	0x00000000	read-write	@ 0x40023014
 Polynomialcoefficients	0x0

Peripheral :LCD
Name	Value	Access	Address
CR	0x00000000	read-write	@ 0x40002400
 BIAS	0x0
 DUTY	0x0
 VSEL	0
 LCDEN	0
 MUX_SEG	0
 BUFEN	0

FCR	0x00000000	read-write	@ 0x40002404
 PS	0x0
 DIV	0x0
 BLINK	0x0
 BLINKF	0x0
 CC	0x0
 DEAD	0x0
 PON	0x0
 UDDIE	0
 SOFIE	0
 HD	0

SR	0x00000000	read-write	@ 0x40002408
 FCRSF	0
 RDY	0
 UDD	0
 UDR	0
 SOF	0
 ENS	0

CLR	write-only	write-only	@ 0x4000240C
 UDDC	W
 SOFC	W

RAM_COM0	0x00000000	read-write	@ 0x40002414
 S30	0
 S29	0
 S28	0
 S27	0
 S26	0
 S25	0
 S24	0
 S23	0
 S22	0
 S21	0
 S20	0
 S19	0
 S18	0
 S17	0
 S16	0
 S15	0
 S14	0
 S13	0
 S12	0
 S11	0
 S10	0
 S09	0
 S08	0
 S07	0
 S06	0
 S05	0
 S04	0
 S03	0
 S02	0
 S01	0
 S00	0

RAM_COM1	0x00000000	read-write	@ 0x4000241C
 S31	0
 S30	0
 S29	0
 S28	0
 S27	0
 S26	0
 S25	0
 S24	0
 S23	0
 S22	0
 S21	0
 S20	0
 S19	0
 S18	0
 S17	0
 S16	0
 S15	0
 S14	0
 S13	0
 S12	0
 S11	0
 S10	0
 S09	0
 S08	0
 S07	0
 S06	0
 S05	0
 S04	0
 S03	0
 S02	0
 S01	0
 S00	0

RAM_COM2	0x00000000	read-write	@ 0x40002424
 S31	0
 S30	0
 S29	0
 S28	0
 S27	0
 S26	0
 S25	0
 S24	0
 S23	0
 S22	0
 S21	0
 S20	0
 S19	0
 S18	0
 S17	0
 S16	0
 S15	0
 S14	0
 S13	0
 S12	0
 S11	0
 S10	0
 S09	0
 S08	0
 S07	0
 S06	0
 S05	0
 S04	0
 S03	0
 S02	0
 S01	0
 S00	0

RAM_COM3	0x00000000	read-write	@ 0x4000242C
 S31	0
 S30	0
 S29	0
 S28	0
 S27	0
 S26	0
 S25	0
 S24	0
 S23	0
 S22	0
 S21	0
 S20	0
 S19	0
 S18	0
 S17	0
 S16	0
 S15	0
 S14	0
 S13	0
 S12	0
 S11	0
 S10	0
 S09	0
 S08	0
 S07	0
 S06	0
 S05	0
 S04	0
 S03	0
 S02	0
 S01	0
 S00	0

RAM_COM4	0x00000000	read-write	@ 0x40002434
 S31	0
 S30	0
 S29	0
 S28	0
 S27	0
 S26	0
 S25	0
 S24	0
 S23	0
 S22	0
 S21	0
 S20	0
 S19	0
 S18	0
 S17	0
 S16	0
 S15	0
 S14	0
 S13	0
 S12	0
 S11	0
 S10	0
 S09	0
 S08	0
 S07	0
 S06	0
 S05	0
 S04	0
 S03	0
 S02	0
 S01	0
 S00	0

RAM_COM5	0x00000000	read-write	@ 0x4000243C
 S31	0
 S30	0
 S29	0
 S28	0
 S27	0
 S26	0
 S25	0
 S24	0
 S23	0
 S22	0
 S21	0
 S20	0
 S19	0
 S18	0
 S17	0
 S16	0
 S15	0
 S14	0
 S13	0
 S12	0
 S11	0
 S10	0
 S09	0
 S08	0
 S07	0
 S06	0
 S05	0
 S04	0
 S03	0
 S02	0
 S01	0
 S00	0

RAM_COM6	0x00000000	read-write	@ 0x40002444
 S31	0
 S30	0
 S29	0
 S28	0
 S27	0
 S26	0
 S25	0
 S24	0
 S23	0
 S22	0
 S21	0
 S20	0
 S19	0
 S18	0
 S17	0
 S16	0
 S15	0
 S14	0
 S13	0
 S12	0
 S11	0
 S10	0
 S09	0
 S08	0
 S07	0
 S06	0
 S05	0
 S04	0
 S03	0
 S02	0
 S01	0
 S00	0

RAM_COM7	0x00000000	read-write	@ 0x4000244C
 S31	0
 S30	0
 S29	0
 S28	0
 S27	0
 S26	0
 S25	0
 S24	0
 S23	0
 S22	0
 S21	0
 S20	0
 S19	0
 S18	0
 S17	0
 S16	0
 S15	0
 S14	0
 S13	0
 S12	0
 S11	0
 S10	0
 S09	0
 S08	0
 S07	0
 S06	0
 S05	0
 S04	0
 S03	0
 S02	0
 S01	0
 S00	0

Peripheral :TSC
Name	Value	Access	Address
CR	0x00000000	read-write	@ 0x40024000
 CTPH	0x0
 CTPL	0x0
 SSD	0x0
 SSE	0
 SSPSC	0
 PGPSC	0x0
 MCV	0x0
 IODEF	0
 SYNCPOL	0
 AM	0
 START	0
 TSCE	0

IER	0x00000000	read-write	@ 0x40024004
 MCEIE	0
 EOAIE	0

ICR	0x00000000	read-write	@ 0x40024008
 MCEIC	0
 EOAIC	0

ISR	0x00000000	read-write	@ 0x4002400C
 MCEF	0
 EOAF	0

IOHCR	0x00000000	read-write	@ 0x40024010
 G8_IO4	0
 G8_IO3	0
 G8_IO2	0
 G8_IO1	0
 G7_IO4	0
 G7_IO3	0
 G7_IO2	0
 G7_IO1	0
 G6_IO4	0
 G6_IO3	0
 G6_IO2	0
 G6_IO1	0
 G5_IO4	0
 G5_IO3	0
 G5_IO2	0
 G5_IO1	0
 G4_IO4	0
 G4_IO3	0
 G4_IO2	0
 G4_IO1	0
 G3_IO4	0
 G3_IO3	0
 G3_IO2	0
 G3_IO1	0
 G2_IO4	0
 G2_IO3	0
 G2_IO2	0
 G2_IO1	0
 G1_IO4	0
 G1_IO3	0
 G1_IO2	0
 G1_IO1	0

IOASCR	0x00000000	read-write	@ 0x40024018
 G8_IO4	0
 G8_IO3	0
 G8_IO2	0
 G8_IO1	0
 G7_IO4	0
 G7_IO3	0
 G7_IO2	0
 G7_IO1	0
 G6_IO4	0
 G6_IO3	0
 G6_IO2	0
 G6_IO1	0
 G5_IO4	0
 G5_IO3	0
 G5_IO2	0
 G5_IO1	0
 G4_IO4	0
 G4_IO3	0
 G4_IO2	0
 G4_IO1	0
 G3_IO4	0
 G3_IO3	0
 G3_IO2	0
 G3_IO1	0
 G2_IO4	0
 G2_IO3	0
 G2_IO2	0
 G2_IO1	0
 G1_IO4	0
 G1_IO3	0
 G1_IO2	0
 G1_IO1	0

IOSCR	0x00000000	read-write	@ 0x40024020
 G8_IO4	0
 G8_IO3	0
 G8_IO2	0
 G8_IO1	0
 G7_IO4	0
 G7_IO3	0
 G7_IO2	0
 G7_IO1	0
 G6_IO4	0
 G6_IO3	0
 G6_IO2	0
 G6_IO1	0
 G5_IO4	0
 G5_IO3	0
 G5_IO2	0
 G5_IO1	0
 G4_IO4	0
 G4_IO3	0
 G4_IO2	0
 G4_IO1	0
 G3_IO4	0
 G3_IO3	0
 G3_IO2	0
 G3_IO1	0
 G2_IO4	0
 G2_IO3	0
 G2_IO2	0
 G2_IO1	0
 G1_IO4	0
 G1_IO3	0
 G1_IO2	0
 G1_IO1	0

IOCCR	0x00000000	read-write	@ 0x40024028
 G8_IO4	0
 G8_IO3	0
 G8_IO2	0
 G8_IO1	0
 G7_IO4	0
 G7_IO3	0
 G7_IO2	0
 G7_IO1	0
 G6_IO4	0
 G6_IO3	0
 G6_IO2	0
 G6_IO1	0
 G5_IO4	0
 G5_IO3	0
 G5_IO2	0
 G5_IO1	0
 G4_IO4	0
 G4_IO3	0
 G4_IO2	0
 G4_IO1	0
 G3_IO4	0
 G3_IO3	0
 G3_IO2	0
 G3_IO1	0
 G2_IO4	0
 G2_IO3	0
 G2_IO2	0
 G2_IO1	0
 G1_IO4	0
 G1_IO3	0
 G1_IO2	0
 G1_IO1	0

IOGCSR	0x00000000	read-write	@ 0x40024030
 G8S	0
 G7S	0
 G6S	0
 G5S	0
 G4S	0
 G3S	0
 G2S	0
 G1S	0
 G8E	0
 G7E	0
 G6E	0
 G5E	0
 G4E	0
 G3E	0
 G2E	0
 G1E	0

IOG1CR	0x00000000	read-only	@ 0x40024034
 CNT	0x0

IOG2CR	0x00000000	read-only	@ 0x40024038
 CNT	0x0

IOG3CR	0x00000000	read-only	@ 0x4002403C
 CNT	0x0

IOG4CR	0x00000000	read-only	@ 0x40024040
 CNT	0x0

IOG5CR	0x00000000	read-only	@ 0x40024044
 CNT	0x0

IOG6CR	0x00000000	read-only	@ 0x40024048
 CNT	0x0

IOG7CR	0x00000000	read-only	@ 0x4002404C
 CNT	0x0

IOG8CR	0x00000000	read-only	@ 0x40024050
 CNT	0x0

Peripheral :IWDG
Name	Value	Access	Address
KR	write-only	write-only	@ 0x40003000
 KEY	W

PR	0x00000000	read-write	@ 0x40003004
 PR	0x0

RLR	0x00000FFF	read-write	@ 0x40003008
 RL	0xFFF

SR	0x00000000	read-only	@ 0x4000300C
 WVU	0
 RVU	0
 PVU	0

WINR	0x00000FFF	read-write	@ 0x40003010
 WIN	0xFFF

Peripheral :WWDG
Name	Value	Access	Address
CR	0x0000007F	read-write	@ 0x40002C00
 WDGA	0
 T	0x7F

CFR	0x0000007F	read-write	@ 0x40002C04
 EWI	0
 WDGTB	0x0
 W	0x7F

SR	0x00000000	read-write	@ 0x40002C08
 EWIF	0

Peripheral :COMP
Name	Value	Access	Address
COMP1_CSR	0x00000000	read-write	@ 0x40010200
 COMP1_EN	0
 COMP1_PWRMODE	0x0
 COMP1_INMSEL	0x0
 COMP1_INPSEL	0x0
 COMP1_POLARITY	0
 COMP1_HYST	0x0
 COMP1_BLANKING	0x0
 COMP1_BRGEN	0
 COMP1_SCALEN	0
 COMP1_INMESEL	0x0
 COMP1_VALUE	0
 COMP1_LOCK	0

COMP2_CSR	0x00000000	read-write	@ 0x40010204
 COMP2_EN	0
 COMP2_PWRMODE	0x0
 COMP2_INMSEL	0x0
 COMP2_INPSEL	0x0
 COMP2_WINMODE	0
 COMP2_POLARITY	0
 COMP2_HYST	0x0
 COMP2_BLANKING	0x0
 COMP2_BRGEN	0
 COMP2_SCALEN	0
 COMP2_INMESEL	0x0
 COMP2_VALUE	0
 COMP2_LOCK	0

Peripheral :FIREWALL
Name	Value	Access	Address
CSSA	0x00000000	read-write	@ 0x40011C00
 ADD	0x0

CSL	0x00000000	read-write	@ 0x40011C04
 LENG	0x0

NVDSSA	0x00000000	read-write	@ 0x40011C08
 ADD	0x0

NVDSL	0x00000000	read-write	@ 0x40011C0C
 LENG	0x0

VDSSA	0x00000000	read-write	@ 0x40011C10
 ADD	0x0

VDSL	0x00000000	read-write	@ 0x40011C14
 LENG	0x0

CR	0x00000000	read-write	@ 0x40011C20
 VDE	0
 VDS	0
 FPA	0

Peripheral :I2C1
Name	Value	Access	Address
CR1	0x00000000	read-write	@ 0x40005400
 PE	0
 TXIE	0
 RXIE	0
 ADDRIE	0
 NACKIE	0
 STOPIE	0
 TCIE	0
 ERRIE	0
 DNF	0x0
 ANFOFF	0
 TXDMAEN	0
 RXDMAEN	0
 SBC	0
 NOSTRETCH	0
 WUPEN	0
 GCEN	0
 SMBHEN	0
 SMBDEN	0
 ALERTEN	0
 PECEN	0

CR2	0x00000000	read-write	@ 0x40005404
 PECBYTE	0
 AUTOEND	0
 RELOAD	0
 NBYTES	0x0
 NACK	0
 STOP	0
 START	0
 HEAD10R	0
 ADD10	0
 RD_WRN	0
 SADD	0x0

OAR1	0x00000000	read-write	@ 0x40005408
 OA1	0x0
 OA1MODE	0
 OA1EN	0

OAR2	0x00000000	read-write	@ 0x4000540C
 OA2	0x0
 OA2MSK	0x0
 OA2EN	0

TIMINGR	0x00000000	read-write	@ 0x40005410
 SCLL	0x0
 SCLH	0x0
 SDADEL	0x0
 SCLDEL	0x0
 PRESC	0x0

TIMEOUTR	0x00000000	read-write	@ 0x40005414
 TIMEOUTA	0x0
 TIDLE	0
 TIMOUTEN	0
 TIMEOUTB	0x0
 TEXTEN	0

ISR	0x00000001	read-write	@ 0x40005418
 ADDCODE	0x0
 DIR	0
 BUSY	0
 ALERT	0
 TIMEOUT	0
 PECERR	0
 OVR	0
 ARLO	0
 BERR	0
 TCR	0
 TC	0
 STOPF	0
 NACKF	0
 ADDR	0
 RXNE	0
 TXIS	0
 TXE	1

ICR	write-only	write-only	@ 0x4000541C
 ALERTCF	W
 TIMOUTCF	W
 PECCF	W
 OVRCF	W
 ARLOCF	W
 BERRCF	W
 STOPCF	W
 NACKCF	W
 ADDRCF	W

PECR	0x00000000	read-only	@ 0x40005420
 PEC	0x0

RXDR	0x00000000	read-only	@ 0x40005424
 RXDATA	0x0

TXDR	0x00000000	read-write	@ 0x40005428
 TXDATA	0x0

Peripheral :I2C3
Name	Value	Access	Address
CR1	0x00000000	read-write	@ 0x40005C00
 PE	0
 TXIE	0
 RXIE	0
 ADDRIE	0
 NACKIE	0
 STOPIE	0
 TCIE	0
 ERRIE	0
 DNF	0x0
 ANFOFF	0
 TXDMAEN	0
 RXDMAEN	0
 SBC	0
 NOSTRETCH	0
 WUPEN	0
 GCEN	0
 SMBHEN	0
 SMBDEN	0
 ALERTEN	0
 PECEN	0

CR2	0x00000000	read-write	@ 0x40005C04
 PECBYTE	0
 AUTOEND	0
 RELOAD	0
 NBYTES	0x0
 NACK	0
 STOP	0
 START	0
 HEAD10R	0
 ADD10	0
 RD_WRN	0
 SADD	0x0

OAR1	0x00000000	read-write	@ 0x40005C08
 OA1	0x0
 OA1MODE	0
 OA1EN	0

OAR2	0x00000000	read-write	@ 0x40005C0C
 OA2	0x0
 OA2MSK	0x0
 OA2EN	0

TIMINGR	0x00000000	read-write	@ 0x40005C10
 SCLL	0x0
 SCLH	0x0
 SDADEL	0x0
 SCLDEL	0x0
 PRESC	0x0

TIMEOUTR	0x00000000	read-write	@ 0x40005C14
 TIMEOUTA	0x0
 TIDLE	0
 TIMOUTEN	0
 TIMEOUTB	0x0
 TEXTEN	0

ISR	0x00000001	read-write	@ 0x40005C18
 ADDCODE	0x0
 DIR	0
 BUSY	0
 ALERT	0
 TIMEOUT	0
 PECERR	0
 OVR	0
 ARLO	0
 BERR	0
 TCR	0
 TC	0
 STOPF	0
 NACKF	0
 ADDR	0
 RXNE	0
 TXIS	0
 TXE	1

ICR	write-only	write-only	@ 0x40005C1C
 ALERTCF	W
 TIMOUTCF	W
 PECCF	W
 OVRCF	W
 ARLOCF	W
 BERRCF	W
 STOPCF	W
 NACKCF	W
 ADDRCF	W

PECR	0x00000000	read-only	@ 0x40005C20
 PEC	0x0

RXDR	0x00000000	read-only	@ 0x40005C24
 RXDATA	0x0

TXDR	0x00000000	read-write	@ 0x40005C28
 TXDATA	0x0

Peripheral :I2C2
Name	Value	Access	Address
CR1	0x00000000	read-write	@ 0x40005800
 PE	0
 TXIE	0
 RXIE	0
 ADDRIE	0
 NACKIE	0
 STOPIE	0
 TCIE	0
 ERRIE	0
 DNF	0x0
 ANFOFF	0
 TXDMAEN	0
 RXDMAEN	0
 SBC	0
 NOSTRETCH	0
 WUPEN	0
 GCEN	0
 SMBHEN	0
 SMBDEN	0
 ALERTEN	0
 PECEN	0

CR2	0x00000000	read-write	@ 0x40005804
 PECBYTE	0
 AUTOEND	0
 RELOAD	0
 NBYTES	0x0
 NACK	0
 STOP	0
 START	0
 HEAD10R	0
 ADD10	0
 RD_WRN	0
 SADD	0x0

OAR1	0x00000000	read-write	@ 0x40005808
 OA1	0x0
 OA1MODE	0
 OA1EN	0

OAR2	0x00000000	read-write	@ 0x4000580C
 OA2	0x0
 OA2MSK	0x0
 OA2EN	0

TIMINGR	0x00000000	read-write	@ 0x40005810
 SCLL	0x0
 SCLH	0x0
 SDADEL	0x0
 SCLDEL	0x0
 PRESC	0x0

TIMEOUTR	0x00000000	read-write	@ 0x40005814
 TIMEOUTA	0x0
 TIDLE	0
 TIMOUTEN	0
 TIMEOUTB	0x0
 TEXTEN	0

ISR	0x00000001	read-write	@ 0x40005818
 ADDCODE	0x0
 DIR	0
 BUSY	0
 ALERT	0
 TIMEOUT	0
 PECERR	0
 OVR	0
 ARLO	0
 BERR	0
 TCR	0
 TC	0
 STOPF	0
 NACKF	0
 ADDR	0
 RXNE	0
 TXIS	0
 TXE	1

ICR	write-only	write-only	@ 0x4000581C
 ALERTCF	W
 TIMOUTCF	W
 PECCF	W
 OVRCF	W
 ARLOCF	W
 BERRCF	W
 STOPCF	W
 NACKCF	W
 ADDRCF	W

PECR	0x00000000	read-only	@ 0x40005820
 PEC	0x0

RXDR	0x00000000	read-only	@ 0x40005824
 RXDATA	0x0

TXDR	0x00000000	read-write	@ 0x40005828
 TXDATA	0x0

Peripheral :I2C4
Name	Value	Access	Address
CR1	0x00000000	read-write	@ 0x40008400
 PE	0
 TXIE	0
 RXIE	0
 ADDRIE	0
 NACKIE	0
 STOPIE	0
 TCIE	0
 ERRIE	0
 DNF	0x0
 ANFOFF	0
 TXDMAEN	0
 RXDMAEN	0
 SBC	0
 NOSTRETCH	0
 WUPEN	0
 GCEN	0
 SMBHEN	0
 SMBDEN	0
 ALERTEN	0
 PECEN	0

CR2	0x00000000	read-write	@ 0x40008404
 PECBYTE	0
 AUTOEND	0
 RELOAD	0
 NBYTES	0x0
 NACK	0
 STOP	0
 START	0
 HEAD10R	0
 ADD10	0
 RD_WRN	0
 SADD	0x0

OAR1	0x00000000	read-write	@ 0x40008408
 OA1	0x0
 OA1MODE	0
 OA1EN	0

OAR2	0x00000000	read-write	@ 0x4000840C
 OA2	0x0
 OA2MSK	0x0
 OA2EN	0

TIMINGR	0x00000000	read-write	@ 0x40008410
 SCLL	0x0
 SCLH	0x0
 SDADEL	0x0
 SCLDEL	0x0
 PRESC	0x0

TIMEOUTR	0x00000000	read-write	@ 0x40008414
 TIMEOUTA	0x0
 TIDLE	0
 TIMOUTEN	0
 TIMEOUTB	0x0
 TEXTEN	0

ISR	0x00000000	read-write	@ 0x40008418
 ADDCODE	0x0
 DIR	0
 BUSY	0
 ALERT	0
 TIMEOUT	0
 PECERR	0
 OVR	0
 ARLO	0
 BERR	0
 TCR	0
 TC	0
 STOPF	0
 NACKF	0
 ADDR	0
 RXNE	0
 TXIS	0
 TXE	0

ICR	write-only	write-only	@ 0x4000841C
 ALERTCF	W
 TIMOUTCF	W
 PECCF	W
 OVRCF	W
 ARLOCF	W
 BERRCF	W
 STOPCF	W
 NACKCF	W
 ADDRCF	W

PECR	0x00000000	read-only	@ 0x40008420
 PEC	0x0

RXDR	0x00000000	read-only	@ 0x40008424
 RXDATA	0x0

TXDR	0x00000000	read-write	@ 0x40008428
 TXDATA	0x0

Peripheral :FLASH
Name	Value	Access	Address
ACR	0x00000600	read-write	@ 0x40022000
 LATENCY	0x0
 PRFTEN	0
 ICEN	1
 DCEN	1
 ICRST	0
 DCRST	0
 RUN_PD	0
 SLEEP_PD	0

PDKEYR	write-only	write-only	@ 0x40022004
 PDKEYR	W

KEYR	write-only	write-only	@ 0x40022008
 KEYR	W

OPTKEYR	write-only	write-only	@ 0x4002200C
 OPTKEYR	W

SR	0x00000000	read-write	@ 0x40022010
 EOP	0
 OPERR	0
 PROGERR	0
 WRPERR	0
 PGAERR	0
 SIZERR	0
 PGSERR	0
 MISERR	0
 FASTERR	0
 RDERR	0
 OPTVERR	0
 BSY	0

CR	0xC0000000	read-write	@ 0x40022014
 PG	0
 PER	0
 MER1	0
 PNB	0x0
 BKER	0
 MER2	0
 START	0
 OPTSTRT	0
 FSTPG	0
 EOPIE	0
 ERRIE	0
 RDERRIE	0
 OBL_LAUNCH	0
 OPTLOCK	1
 LOCK	1

ECCR	0x00000000	read-write	@ 0x40022018
 ADDR_ECC	0x0
 BK_ECC	0
 SYSF_ECC	0
 ECCIE	0
 ECCC	0
 ECCD	0

OPTR	0xFFFFF8AA	read-write	@ 0x40022020
 RDP	0xAA
 BOR_LEV	0x0
 nRST_STOP	1
 nRST_STDBY	1
 nRST_SHDW	1
 IWDG_SW	1
 IWDG_STOP	1
 IWDG_STDBY	1
 WWDG_SW	1
 nBOOT1	1
 SRAM2_PE	1
 SRAM2_RST	1
 nSWBOOT0	1
 nBOOT0	1

PCROP1SR	0xFFFFFFFF	read-write	@ 0x40022024
 PCROP1_STRT	0xFFFF

PCROP1ER	0xFFFF0000	read-write	@ 0x40022028
 PCROP1_END	0x0
 PCROP_RDP	1

WRP1AR	0xFF00FFFF	read-write	@ 0x4002202C
 WRP1A_STRT	0xFF
 WRP1A_END	0x0

WRP1BR	0xFF00FFFF	read-write	@ 0x40022030
 WRP1B_END	0x0
 WRP1B_STRT	0xFF

Peripheral :RCC
Name	Value	Access	Address
CR	0x00000063	read-write	@ 0x40021000
 PLLSAI1RDY	0
 PLLSAI1ON	0
 PLLRDY	0
 PLLON	0
 CSSON	0
 HSEBYP	0
 HSERDY	0
 HSEON	0
 HSIASFS	0
 HSIRDY	0
 HSIKERON	0
 HSION	0
 MSIRANGE	0x6
 MSIRGSEL	0
 MSIPLLEN	0
 MSIRDY	1
 MSION	1

ICSCR	0x10900089	read-write	@ 0x40021004
 HSITRIM	0x10
 HSICAL	0x90
 MSITRIM	0x0
 MSICAL	0x89

CFGR	0x00000000	read-write	@ 0x40021008
 MCOPRE	0x0
 MCOSEL	0x0
 STOPWUCK	0
 PPRE2	0x0
 PPRE1	0x0
 HPRE	0x0
 SWS	0x0
 SW	0x0

PLLCFGR	0x00001000	read-write	@ 0x4002100C
 PLLR	0x0
 PLLREN	0
 PLLQ	0x0
 PLLQEN	0
 PLLP	0
 PLLPEN	0
 PLLN	0x10
 PLLM	0x0
 PLLSRC	0x0
 PLLPDIV	0x0

PLLSAI1CFGR	0x00001000	read-write	@ 0x40021010
 PLLSAI1R	0x0
 PLLSAI1REN	0
 PLLSAI1Q	0x0
 PLLSAI1QEN	0
 PLLSAI1P	0
 PLLSAI1PEN	0
 PLLSAI1N	0x10
 PLLSAI1PDIV	0x0

CIER	0x00000000	read-write	@ 0x40021018
 LSECSSIE	0
 PLLSAI1RDYIE	0
 PLLRDYIE	0
 HSERDYIE	0
 HSIRDYIE	0
 MSIRDYIE	0
 LSERDYIE	0
 LSIRDYIE	0
 HSI48RDYIE	0

CIFR	0x00000000	read-only	@ 0x4002101C
 LSECSSF	0
 CSSF	0
 PLLSAI1RDYF	0
 PLLRDYF	0
 HSERDYF	0
 HSIRDYF	0
 MSIRDYF	0
 LSERDYF	0
 LSIRDYF	0
 HSI48RDYF	0

CICR	write-only	write-only	@ 0x40021020
 LSECSSC	W
 CSSC	W
 PLLSAI1RDYC	W
 PLLRDYC	W
 HSERDYC	W
 HSIRDYC	W
 MSIRDYC	W
 LSERDYC	W
 LSIRDYC	W
 HSI48RDYC	W

AHB1RSTR	0x00000000	read-write	@ 0x40021028
 TSCRST	0
 CRCRST	0
 FLASHRST	0
 DMA2RST	0
 DMA1RST	0

AHB2RSTR	0x00000000	read-write	@ 0x4002102C
 RNGRST	0
 AESRST	0
 ADCRST	0
 GPIOHRST	0
 GPIOERST	0
 GPIODRST	0
 GPIOCRST	0
 GPIOBRST	0
 GPIOARST	0

AHB3RSTR	0x00000000	read-write	@ 0x40021030
 QSPIRST	0

APB1RSTR1	0x00000000	read-write	@ 0x40021038
 LPTIM1RST	0
 OPAMPRST	0
 DAC1RST	0
 PWRRST	0
 CAN1RST	0
 I2C3RST	0
 I2C1RST	0
 USART1RST	0
 USART2RST	0
 SPI3RST	0
 SPI2RST	0
 LCDRST	0
 TIM7RST	0
 TIM6RST	0
 TIM2RST	0
 USART4RST	0
 I2C2RST	0
 CRSRST	0
 USBFSRST	0

APB1RSTR2	0x00000000	read-write	@ 0x4002103C
 LPTIM2RST	0
 SWPMI1RST	0
 LPUART1RST	0
 I2C4RST	0

APB2RSTR	0x00000000	read-write	@ 0x40021040
 SAI1RST	0
 TIM16RST	0
 TIM15RST	0
 USART1RST	0
 SPI1RST	0
 TIM1RST	0
 SDMMCRST	0
 SYSCFGRST	0
 DFSDMRST	0

AHB1ENR	0x00000100	read-write	@ 0x40021048
 TSCEN	0
 CRCEN	0
 FLASHEN	1
 DMA2EN	0
 DMA1EN	0

AHB2ENR	0x00000000	read-write	@ 0x4002104C
 RNGEN	0
 AESEN	0
 ADCEN	0
 GPIOHEN	0
 GPIOEEN	0
 GPIODEN	0
 GPIOCEN	0
 GPIOBEN	0
 GPIOAEN	0

AHB3ENR	0x00000000	read-write	@ 0x40021050
 QSPIEN	0

APB1ENR1	0x00000400	read-write	@ 0x40021058
 LPTIM1EN	0
 OPAMPEN	0
 DAC1EN	0
 PWREN	0
 CAN1EN	0
 I2C3EN	0
 I2C1EN	0
 USART1EN	0
 USART2EN	0
 SPI3EN	0
 SPI1EN	0
 WWDGEN	0
 LCDEN	0
 TIM7EN	0
 TIM6EN	0
 TIM2EN	0
 RTCAPBEN	1
 CRSEN	0
 USBF	0
 TIM3EN	0
 UART4EN	0
 I2C2EN	0

APB1ENR2	0x00000000	read-write	@ 0x4002105C
 LPTIM2EN	0
 SWPMI1EN	0
 LPUART1EN	0
 DFSDMEN	0
 I2C4EN	0

APB2ENR	0x00000000	read-write	@ 0x40021060
 SAI1EN	0
 TIM16EN	0
 TIM15EN	0
 USART1EN	0
 SPI1EN	0
 TIM1EN	0
 SDMMCEN	0
 FIREWALLEN	0
 SYSCFGEN	0

AHB1SMENR	0x00011303	read-write	@ 0x40021068
 TSCSMEN	1
 CRCSMEN	1
 SRAM1SMEN	1
 FLASHSMEN	1
 DMA2SMEN	1
 DMA1SMEN	1

AHB2SMENR	0x0005229F	read-write	@ 0x4002106C
 RNGSMEN	1
 AESSMEN	1
 ADCFSSMEN	1
 SRAM2SMEN	1
 GPIOHSMEN	1
 GPIOESMEN	1
 GPIODSMEN	1
 GPIOCSMEN	1
 GPIOBSMEN	1
 GPIOASMEN	1

AHB3SMENR	0x00000100	read-write	@ 0x40021070
 QSPISMEN	1

APB1SMENR1	0xF7E6CE31	read-write	@ 0x40021078
 LPTIM1SMEN	1
 OPAMPSMEN	1
 DAC1SMEN	1
 PWRSMEN	1
 CAN1SMEN	1
 I2C3SMEN	1
 I2C1SMEN	1
 USART2SMEN	1
 USART1SMEN	1
 SP3SMEN	1
 SPI2SMEN	1
 WWDGSMEN	1
 LCDSMEN	1
 TIM7SMEN	1
 TIM6SMEN	1
 TIM2SMEN	1
 RTCAPBSMEN	1
 USBFSSMEN	1
 I2C2SMEN	1
 CRSSMEN	1

APB1SMENR2	0x00000025	read-write	@ 0x4002107C
 LPTIM2SMEN	1
 SWPMI1SMEN	1
 LPUART1SMEN	1

APB2SMENR	0x00235C01	read-write	@ 0x40021080
 SAI1SMEN	1
 TIM16SMEN	1
 TIM15SMEN	1
 USART1SMEN	1
 SPI1SMEN	1
 TIM1SMEN	1
 SDMMCSMEN	1
 SYSCFGSMEN	1

CCIPR	0x00000000	read-write	@ 0x40021088
 SWPMI1SEL	0
 ADCSEL	0x0
 CLK48SEL	0x0
 SAI1SEL	0x0
 LPTIM2SEL	0x0
 LPTIM1SEL	0x0
 I2C3SEL	0x0
 I2C1SEL	0x0
 LPUART1SEL	0x0
 USART2SEL	0x0
 USART1SEL	0x0
 USART4SEL	0x0
 USART3SEL	0x0
 I2C2SEL	0x0

BDCR	0x00000000	read-write	@ 0x40021090
 LSCOSEL	0
 LSCOEN	0
 BDRST	0
 RTCEN	0
 RTCSEL	0x0
 LSECSSD	0
 LSECSSON	0
 LSEDRV	0x0
 LSEBYP	0
 LSERDY	0
 LSEON	0

CSR	0x1C000600	read-write	@ 0x40021094
 LPWRSTF	0
 WWDGRSTF	0
 IWDGRSTF	0
 SFTRSTF	1
 BORRSTF	1
 PINRSTF	1
 OBLRSTF	0
 FIREWALLRSTF	0
 RMVF	0
 MSISRANGE	0x6
 LSIRDY	0
 LSION	0

CRRCR	0x00008700	read-write	@ 0x40021098
 HSI48ON	0
 HSI48RDY	0
 HSI48CAL	0x10E

Peripheral :PWR
Name	Value	Access	Address
CR1	0x00000200	read-write	@ 0x40007000
 LPR	0
 VOS	0x1
 DBP	0
 LPMS	0x0

CR2	0x00000000	read-write	@ 0x40007004
 USV	0
 PVME4	0
 PVME3	0
 PVME1	0
 PLS	0x0
 PVDE	0

CR3	0x00008000	read-write	@ 0x40007008
 EIWUL	1
 ENULP	0
 APC	0
 RRS	0
 EWUP5	0
 EWUP4	0
 EWUP3	0
 EWUP2	0
 EWUP1	0

CR4	0x00000000	read-write	@ 0x4000700C
 EXT_SMPS_ON	0
 VBRS	0
 VBE	0
 WP5	0
 WP4	0
 WP3	0
 WP2	0
 WP1	0

SR1	0x00000000	read-only	@ 0x40007010
 WUFI	0
 EXT_SMPS_RDY	0
 SBF	0
 WUF5	0
 WUF4	0
 WUF3	0
 WUF2	0
 WUF1	0

SR2	0x00000300	read-only	@ 0x40007014
 PVMO4	0
 PVMO3	0
 PVMO1	0
 PVDO	0
 VOSF	0
 REGLPF	1
 REGLPS	1

SCR	write-only	write-only	@ 0x40007018
 CSBF	W
 CWUF5	W
 CWUF4	W
 CWUF3	W
 CWUF2	W
 CWUF1	W

PUCRA	0x00000000	read-write	@ 0x40007020
 PU15	0
 PU13	0
 PU12	0
 PU11	0
 PU10	0
 PU9	0
 PU8	0
 PU7	0
 PU6	0
 PU5	0
 PU4	0
 PU3	0
 PU2	0
 PU1	0
 PU0	0

PDCRA	0x00000000	read-write	@ 0x40007024
 PD12	0
 PD11	0
 PD10	0
 PD9	0
 PD8	0
 PD7	0
 PD6	0
 PD5	0
 PD4	0
 PD3	0
 PD2	0
 PD1	0
 PD0	0

PUCRB	0x00000000	read-write	@ 0x40007028
 PU15	0
 PU14	0
 PU13	0
 PU12	0
 PU11	0
 PU10	0
 PU9	0
 PU8	0
 PU7	0
 PU6	0
 PU5	0
 PU4	0
 PU3	0
 PU2	0
 PU1	0
 PU0	0

PDCRB	0x00000000	read-write	@ 0x4000702C
 PD15	0
 PD14	0
 PD13	0
 PD12	0
 PD11	0
 PD10	0
 PD9	0
 PD8	0
 PD7	0
 PD6	0
 PD5	0
 PD3	0
 PD2	0
 PD1	0
 PD0	0

PUCRC	0x00000000	read-write	@ 0x40007030
 PU15	0
 PU14	0
 PU13	0
 PU12	0
 PU11	0
 PU10	0
 PU9	0
 PU8	0
 PU7	0
 PU6	0
 PU5	0
 PU4	0
 PU3	0
 PU2	0
 PU1	0
 PU0	0

PDCRC	0x00000000	read-write	@ 0x40007034
 PD15	0
 PD14	0
 PD13	0
 PD12	0
 PD11	0
 PD10	0
 PD9	0
 PD8	0
 PD7	0
 PD6	0
 PD5	0
 PD4	0
 PD3	0
 PD2	0
 PD1	0
 PD0	0

PUCRD	0x00000000	read-write	@ 0x40007038
 PU15	0
 PU14	0
 PU13	0
 PU12	0
 PU11	0
 PU10	0
 PU9	0
 PU8	0
 PU7	0
 PU6	0
 PU5	0
 PU4	0
 PU3	0
 PU2	0
 PU1	0
 PU0	0

PDCRD	0x00000000	read-write	@ 0x4000703C
 PD15	0
 PD14	0
 PD13	0
 PD12	0
 PD11	0
 PD10	0
 PD9	0
 PD8	0
 PD7	0
 PD6	0
 PD5	0
 PD4	0
 PD3	0
 PD2	0
 PD1	0
 PD0	0

PUCRE	0x00000000	read-write	@ 0x40007040
 PU15	0
 PU14	0
 PU13	0
 PU12	0
 PU11	0
 PU10	0
 PU9	0
 PU8	0
 PU7	0
 PU6	0
 PU5	0
 PU4	0
 PU3	0
 PU2	0
 PU1	0
 PU0	0

PDCRE	0x00000000	read-write	@ 0x40007044
 PD15	0
 PD14	0
 PD13	0
 PD12	0
 PD11	0
 PD10	0
 PD9	0
 PD8	0
 PD7	0
 PD6	0
 PD5	0
 PD4	0
 PD3	0
 PD2	0
 PD1	0
 PD0	0

PUCRH	0x00000000	read-write	@ 0x40007058
 PU3	0
 PU1	0
 PU0	0

PDCRH	0x00000000	read-write	@ 0x4000705C
 PD3	0
 PD1	0
 PD0	0

Peripheral :SYSCFG
Name	Value	Access	Address
MEMRMP	0x00000000	read-write	@ 0x40010000
 FB_MODE	0
 QFS	0
 MEM_MODE	0x0

CFGR1	0x00000000	read-write	@ 0x40010004
 FPU_IE	0x0
 I2C3_FMP	0
 I2C2_FMP	0
 I2C1_FMP	0
 I2C_PB9_FMP	0
 I2C_PB8_FMP	0
 I2C_PB7_FMP	0
 I2C_PB6_FMP	0
 BOOSTEN	0
 FWDIS	0

EXTICR1	0x00000000	read-write	@ 0x40010008
 EXTI3	0x0
 EXTI2	0x0
 EXTI1	0x0
 EXTI0	0x0

EXTICR2	0x00000000	read-write	@ 0x4001000C
 EXTI7	0x0
 EXTI6	0x0
 EXTI5	0x0
 EXTI4	0x0

EXTICR3	0x00000000	read-write	@ 0x40010010
 EXTI11	0x0
 EXTI10	0x0
 EXTI9	0x0
 EXTI8	0x0

EXTICR4	0x00000000	read-write	@ 0x40010014
 EXTI15	0x0
 EXTI14	0x0
 EXTI13	0x0
 EXTI12	0x0

SCSR	0x00000000	read-write	@ 0x40010018
 SRAM2BSY	0
 SRAM2ER	0

CFGR2	0x00000000	read-write	@ 0x4001001C
 SPF	0
 ECCL	0
 PVDL	0
 SPL	0
 CLL	0

SWPR	write-only	write-only	@ 0x40010020
 P31WP	W
 P30WP	W
 P29WP	W
 P28WP	W
 P27WP	W
 P26WP	W
 P25WP	W
 P24WP	W
 P23WP	W
 P22WP	W
 P21WP	W
 P20WP	W
 P19WP	W
 P18WP	W
 P17WP	W
 P16WP	W
 P15WP	W
 P14WP	W
 P13WP	W
 P12WP	W
 P11WP	W
 P10WP	W
 P9WP	W
 P8WP	W
 P7WP	W
 P6WP	W
 P5WP	W
 P4WP	W
 P3WP	W
 P2WP	W
 P1WP	W
 P0WP	W

SKR	write-only	write-only	@ 0x40010024
 KEY	W

Peripheral :RNG
Name	Value	Access	Address
CR	0x00000000	read-write	@ 0x50060800
 IE	0
 RNGEN	0

SR	0x00000000	read-write	@ 0x50060804
 SEIS	0
 CEIS	0
 SECS	0
 CECS	0
 DRDY	0

DR	0x00000000	read-only	@ 0x50060808
 RNDATA	0x0

Peripheral :GPIOA
Name	Value	Access	Address
MODER	0xABFFFFFF	read-write	@ 0x48000000
 MODER15	0x2
 MODER14	0x2
 MODER13	0x2
 MODER12	0x3
 MODER11	0x3
 MODER10	0x3
 MODER9	0x3
 MODER8	0x3
 MODER7	0x3
 MODER6	0x3
 MODER5	0x3
 MODER4	0x3
 MODER3	0x3
 MODER2	0x3
 MODER1	0x3
 MODER0	0x3

OTYPER	0xABFFFFFF	read-write	@ 0x48000004
 OT15	1
 OT14	1
 OT13	1
 OT12	1
 OT11	1
 OT10	1
 OT9	1
 OT8	1
 OT7	1
 OT6	1
 OT5	1
 OT4	1
 OT3	1
 OT2	1
 OT1	1
 OT0	1

OSPEEDR	0xABFFFFFF	read-write	@ 0x48000008
 OSPEEDR15	0x2
 OSPEEDR14	0x2
 OSPEEDR13	0x2
 OSPEEDR12	0x3
 OSPEEDR11	0x3
 OSPEEDR10	0x3
 OSPEEDR9	0x3
 OSPEEDR8	0x3
 OSPEEDR7	0x3
 OSPEEDR6	0x3
 OSPEEDR5	0x3
 OSPEEDR4	0x3
 OSPEEDR3	0x3
 OSPEEDR2	0x3
 OSPEEDR1	0x3
 OSPEEDR0	0x3

PUPDR	0xABFFFFFF	read-write	@ 0x4800000C
 PUPDR15	0x2
 PUPDR14	0x2
 PUPDR13	0x2
 PUPDR12	0x3
 PUPDR11	0x3
 PUPDR10	0x3
 PUPDR9	0x3
 PUPDR8	0x3
 PUPDR7	0x3
 PUPDR6	0x3
 PUPDR5	0x3
 PUPDR4	0x3
 PUPDR3	0x3
 PUPDR2	0x3
 PUPDR1	0x3
 PUPDR0	0x3

IDR	0xABFFFFFF	read-only	@ 0x48000010
 IDR15	1
 IDR14	1
 IDR13	1
 IDR12	1
 IDR11	1
 IDR10	1
 IDR9	1
 IDR8	1
 IDR7	1
 IDR6	1
 IDR5	1
 IDR4	1
 IDR3	1
 IDR2	1
 IDR1	1
 IDR0	1

ODR	0xABFFFFFF	read-write	@ 0x48000014
 ODR15	1
 ODR14	1
 ODR13	1
 ODR12	1
 ODR11	1
 ODR10	1
 ODR9	1
 ODR8	1
 ODR7	1
 ODR6	1
 ODR5	1
 ODR4	1
 ODR3	1
 ODR2	1
 ODR1	1
 ODR0	1

BSRR	write-only	write-only	@ 0x48000018
 BR15	W
 BR14	W
 BR13	W
 BR12	W
 BR11	W
 BR10	W
 BR9	W
 BR8	W
 BR7	W
 BR6	W
 BR5	W
 BR4	W
 BR3	W
 BR2	W
 BR1	W
 BR0	W
 BS15	W
 BS14	W
 BS13	W
 BS12	W
 BS11	W
 BS10	W
 BS9	W
 BS8	W
 BS7	W
 BS6	W
 BS5	W
 BS4	W
 BS3	W
 BS2	W
 BS1	W
 BS0	W

LCKR	0xABFFFFFF	read-write	@ 0x4800001C
 LCKK	1
 LCK15	1
 LCK14	1
 LCK13	1
 LCK12	1
 LCK11	1
 LCK10	1
 LCK9	1
 LCK8	1
 LCK7	1
 LCK6	1
 LCK5	1
 LCK4	1
 LCK3	1
 LCK2	1
 LCK1	1
 LCK0	1

AFRL	0xABFFFFFF	read-write	@ 0x48000020
 AFRL7	0xA
 AFRL6	0xB
 AFRL5	0xF
 AFRL4	0xF
 AFRL3	0xF
 AFRL2	0xF
 AFRL1	0xF
 AFRL0	0xF

AFRH	0xABFFFFFF	read-write	@ 0x48000024
 AFRH15	0xA
 AFRH14	0xB
 AFRH13	0xF
 AFRH12	0xF
 AFRH11	0xF
 AFRH10	0xF
 AFRH9	0xF
 AFRH8	0xF

Peripheral :GPIOB
Name	Value	Access	Address
MODER	0xFFFFFEBF	read-write	@ 0x48000400
 MODER15	0x3
 MODER14	0x3
 MODER13	0x3
 MODER12	0x3
 MODER11	0x3
 MODER10	0x3
 MODER9	0x3
 MODER8	0x3
 MODER7	0x3
 MODER6	0x3
 MODER5	0x3
 MODER4	0x2
 MODER3	0x2
 MODER2	0x3
 MODER1	0x3
 MODER0	0x3

OTYPER	0xFFFFFEBF	read-write	@ 0x48000404
 OT15	1
 OT14	1
 OT13	1
 OT12	1
 OT11	1
 OT10	1
 OT9	1
 OT8	0
 OT7	1
 OT6	0
 OT5	1
 OT4	1
 OT3	1
 OT2	1
 OT1	1
 OT0	1

OSPEEDR	0xFFFFFEBF	read-write	@ 0x48000408
 OSPEEDR15	0x3
 OSPEEDR14	0x3
 OSPEEDR13	0x3
 OSPEEDR12	0x3
 OSPEEDR11	0x3
 OSPEEDR10	0x3
 OSPEEDR9	0x3
 OSPEEDR8	0x3
 OSPEEDR7	0x3
 OSPEEDR6	0x3
 OSPEEDR5	0x3
 OSPEEDR4	0x2
 OSPEEDR3	0x2
 OSPEEDR2	0x3
 OSPEEDR1	0x3
 OSPEEDR0	0x3

PUPDR	0xFFFFFEBF	read-write	@ 0x4800040C
 PUPDR15	0x3
 PUPDR14	0x3
 PUPDR13	0x3
 PUPDR12	0x3
 PUPDR11	0x3
 PUPDR10	0x3
 PUPDR9	0x3
 PUPDR8	0x3
 PUPDR7	0x3
 PUPDR6	0x3
 PUPDR5	0x3
 PUPDR4	0x2
 PUPDR3	0x2
 PUPDR2	0x3
 PUPDR1	0x3
 PUPDR0	0x3

IDR	0xFFFFFEBF	read-only	@ 0x48000410
 IDR15	1
 IDR14	1
 IDR13	1
 IDR12	1
 IDR11	1
 IDR10	1
 IDR9	1
 IDR8	0
 IDR7	1
 IDR6	0
 IDR5	1
 IDR4	1
 IDR3	1
 IDR2	1
 IDR1	1
 IDR0	1

ODR	0xFFFFFEBF	read-write	@ 0x48000414
 ODR15	1
 ODR14	1
 ODR13	1
 ODR12	1
 ODR11	1
 ODR10	1
 ODR9	1
 ODR8	0
 ODR7	1
 ODR6	0
 ODR5	1
 ODR4	1
 ODR3	1
 ODR2	1
 ODR1	1
 ODR0	1

BSRR	write-only	write-only	@ 0x48000418
 BR15	W
 BR14	W
 BR13	W
 BR12	W
 BR11	W
 BR10	W
 BR9	W
 BR8	W
 BR7	W
 BR6	W
 BR5	W
 BR4	W
 BR3	W
 BR2	W
 BR1	W
 BR0	W
 BS15	W
 BS14	W
 BS13	W
 BS12	W
 BS11	W
 BS10	W
 BS9	W
 BS8	W
 BS7	W
 BS6	W
 BS5	W
 BS4	W
 BS3	W
 BS2	W
 BS1	W
 BS0	W

LCKR	0xFFFFFEBF	read-write	@ 0x4800041C
 LCKK	1
 LCK15	1
 LCK14	1
 LCK13	1
 LCK12	1
 LCK11	1
 LCK10	1
 LCK9	1
 LCK8	0
 LCK7	1
 LCK6	0
 LCK5	1
 LCK4	1
 LCK3	1
 LCK2	1
 LCK1	1
 LCK0	1

AFRL	0xFFFFFEBF	read-write	@ 0x48000420
 AFRL7	0xF
 AFRL6	0xF
 AFRL5	0xF
 AFRL4	0xF
 AFRL3	0xF
 AFRL2	0xE
 AFRL1	0xB
 AFRL0	0xF

AFRH	0xFFFFFEBF	read-write	@ 0x48000424
 AFRH15	0xF
 AFRH14	0xF
 AFRH13	0xF
 AFRH12	0xF
 AFRH11	0xF
 AFRH10	0xE
 AFRH9	0xB
 AFRH8	0xF

Peripheral :GPIOC
Name	Value	Access	Address
MODER	0xFFFFFFFF	read-write	@ 0x48000800
 MODER15	0x3
 MODER14	0x3
 MODER13	0x3
 MODER12	0x3
 MODER11	0x3
 MODER10	0x3
 MODER9	0x3
 MODER8	0x3
 MODER7	0x3
 MODER6	0x3
 MODER5	0x3
 MODER4	0x3
 MODER3	0x3
 MODER2	0x3
 MODER1	0x3
 MODER0	0x3

OTYPER	0xFFFFFFFF	read-write	@ 0x48000804
 OT15	1
 OT14	1
 OT13	1
 OT12	1
 OT11	1
 OT10	1
 OT9	1
 OT8	1
 OT7	1
 OT6	1
 OT5	1
 OT4	1
 OT3	1
 OT2	1
 OT1	1
 OT0	1

OSPEEDR	0xFFFFFFFF	read-write	@ 0x48000808
 OSPEEDR15	0x3
 OSPEEDR14	0x3
 OSPEEDR13	0x3
 OSPEEDR12	0x3
 OSPEEDR11	0x3
 OSPEEDR10	0x3
 OSPEEDR9	0x3
 OSPEEDR8	0x3
 OSPEEDR7	0x3
 OSPEEDR6	0x3
 OSPEEDR5	0x3
 OSPEEDR4	0x3
 OSPEEDR3	0x3
 OSPEEDR2	0x3
 OSPEEDR1	0x3
 OSPEEDR0	0x3

PUPDR	0xFFFFFFFF	read-write	@ 0x4800080C
 PUPDR15	0x3
 PUPDR14	0x3
 PUPDR13	0x3
 PUPDR12	0x3
 PUPDR11	0x3
 PUPDR10	0x3
 PUPDR9	0x3
 PUPDR8	0x3
 PUPDR7	0x3
 PUPDR6	0x3
 PUPDR5	0x3
 PUPDR4	0x3
 PUPDR3	0x3
 PUPDR2	0x3
 PUPDR1	0x3
 PUPDR0	0x3

IDR	0xFFFFFFFF	read-only	@ 0x48000810
 IDR15	1
 IDR14	1
 IDR13	1
 IDR12	1
 IDR11	1
 IDR10	1
 IDR9	1
 IDR8	1
 IDR7	1
 IDR6	1
 IDR5	1
 IDR4	1
 IDR3	1
 IDR2	1
 IDR1	1
 IDR0	1

ODR	0xFFFFFFFF	read-write	@ 0x48000814
 ODR15	1
 ODR14	1
 ODR13	1
 ODR12	1
 ODR11	1
 ODR10	1
 ODR9	1
 ODR8	1
 ODR7	1
 ODR6	1
 ODR5	1
 ODR4	1
 ODR3	1
 ODR2	1
 ODR1	1
 ODR0	1

BSRR	write-only	write-only	@ 0x48000818
 BR15	W
 BR14	W
 BR13	W
 BR12	W
 BR11	W
 BR10	W
 BR9	W
 BR8	W
 BR7	W
 BR6	W
 BR5	W
 BR4	W
 BR3	W
 BR2	W
 BR1	W
 BR0	W
 BS15	W
 BS14	W
 BS13	W
 BS12	W
 BS11	W
 BS10	W
 BS9	W
 BS8	W
 BS7	W
 BS6	W
 BS5	W
 BS4	W
 BS3	W
 BS2	W
 BS1	W
 BS0	W

LCKR	0xFFFFFFFF	read-write	@ 0x4800081C
 LCKK	1
 LCK15	1
 LCK14	1
 LCK13	1
 LCK12	1
 LCK11	1
 LCK10	1
 LCK9	1
 LCK8	1
 LCK7	1
 LCK6	1
 LCK5	1
 LCK4	1
 LCK3	1
 LCK2	1
 LCK1	1
 LCK0	1

AFRL	0xFFFFFFFF	read-write	@ 0x48000820
 AFRL7	0xF
 AFRL6	0xF
 AFRL5	0xF
 AFRL4	0xF
 AFRL3	0xF
 AFRL2	0xF
 AFRL1	0xF
 AFRL0	0xF

AFRH	0xFFFFFFFF	read-write	@ 0x48000824
 AFRH15	0xF
 AFRH14	0xF
 AFRH13	0xF
 AFRH12	0xF
 AFRH11	0xF
 AFRH10	0xF
 AFRH9	0xF
 AFRH8	0xF

Peripheral :GPIOD
Name	Value	Access	Address
MODER	0xFFFFFFFF	read-write	@ 0x48000C00
 MODER15	0x3
 MODER14	0x3
 MODER13	0x3
 MODER12	0x3
 MODER11	0x3
 MODER10	0x3
 MODER9	0x3
 MODER8	0x3
 MODER7	0x3
 MODER6	0x3
 MODER5	0x3
 MODER4	0x3
 MODER3	0x3
 MODER2	0x3
 MODER1	0x3
 MODER0	0x3

OTYPER	0xFFFFFFFF	read-write	@ 0x48000C04
 OT15	1
 OT14	1
 OT13	1
 OT12	1
 OT11	1
 OT10	1
 OT9	1
 OT8	1
 OT7	1
 OT6	1
 OT5	1
 OT4	1
 OT3	1
 OT2	1
 OT1	1
 OT0	1

OSPEEDR	0xFFFFFFFF	read-write	@ 0x48000C08
 OSPEEDR15	0x3
 OSPEEDR14	0x3
 OSPEEDR13	0x3
 OSPEEDR12	0x3
 OSPEEDR11	0x3
 OSPEEDR10	0x3
 OSPEEDR9	0x3
 OSPEEDR8	0x3
 OSPEEDR7	0x3
 OSPEEDR6	0x3
 OSPEEDR5	0x3
 OSPEEDR4	0x3
 OSPEEDR3	0x3
 OSPEEDR2	0x3
 OSPEEDR1	0x3
 OSPEEDR0	0x3

PUPDR	0xFFFFFFFF	read-write	@ 0x48000C0C
 PUPDR15	0x3
 PUPDR14	0x3
 PUPDR13	0x3
 PUPDR12	0x3
 PUPDR11	0x3
 PUPDR10	0x3
 PUPDR9	0x3
 PUPDR8	0x3
 PUPDR7	0x3
 PUPDR6	0x3
 PUPDR5	0x3
 PUPDR4	0x3
 PUPDR3	0x3
 PUPDR2	0x3
 PUPDR1	0x3
 PUPDR0	0x3

IDR	0xFFFFFFFF	read-only	@ 0x48000C10
 IDR15	1
 IDR14	1
 IDR13	1
 IDR12	1
 IDR11	1
 IDR10	1
 IDR9	1
 IDR8	1
 IDR7	1
 IDR6	1
 IDR5	1
 IDR4	1
 IDR3	1
 IDR2	1
 IDR1	1
 IDR0	1

ODR	0xFFFFFFFF	read-write	@ 0x48000C14
 ODR15	1
 ODR14	1
 ODR13	1
 ODR12	1
 ODR11	1
 ODR10	1
 ODR9	1
 ODR8	1
 ODR7	1
 ODR6	1
 ODR5	1
 ODR4	1
 ODR3	1
 ODR2	1
 ODR1	1
 ODR0	1

BSRR	write-only	write-only	@ 0x48000C18
 BR15	W
 BR14	W
 BR13	W
 BR12	W
 BR11	W
 BR10	W
 BR9	W
 BR8	W
 BR7	W
 BR6	W
 BR5	W
 BR4	W
 BR3	W
 BR2	W
 BR1	W
 BR0	W
 BS15	W
 BS14	W
 BS13	W
 BS12	W
 BS11	W
 BS10	W
 BS9	W
 BS8	W
 BS7	W
 BS6	W
 BS5	W
 BS4	W
 BS3	W
 BS2	W
 BS1	W
 BS0	W

LCKR	0xFFFFFFFF	read-write	@ 0x48000C1C
 LCKK	1
 LCK15	1
 LCK14	1
 LCK13	1
 LCK12	1
 LCK11	1
 LCK10	1
 LCK9	1
 LCK8	1
 LCK7	1
 LCK6	1
 LCK5	1
 LCK4	1
 LCK3	1
 LCK2	1
 LCK1	1
 LCK0	1

AFRL	0xFFFFFFFF	read-write	@ 0x48000C20
 AFRL7	0xF
 AFRL6	0xF
 AFRL5	0xF
 AFRL4	0xF
 AFRL3	0xF
 AFRL2	0xF
 AFRL1	0xF
 AFRL0	0xF

AFRH	0xFFFFFFFF	read-write	@ 0x48000C24
 AFRH15	0xF
 AFRH14	0xF
 AFRH13	0xF
 AFRH12	0xF
 AFRH11	0xF
 AFRH10	0xF
 AFRH9	0xF
 AFRH8	0xF

Peripheral :GPIOE
Name	Value	Access	Address
MODER	0xFFFFFFFF	read-write	@ 0x48001000
 MODER15	0x3
 MODER14	0x3
 MODER13	0x3
 MODER12	0x3
 MODER11	0x3
 MODER10	0x3
 MODER9	0x3
 MODER8	0x3
 MODER7	0x3
 MODER6	0x3
 MODER5	0x3
 MODER4	0x3
 MODER3	0x3
 MODER2	0x3
 MODER1	0x3
 MODER0	0x3

OTYPER	0xFFFFFFFF	read-write	@ 0x48001004
 OT15	1
 OT14	1
 OT13	1
 OT12	1
 OT11	1
 OT10	1
 OT9	1
 OT8	1
 OT7	1
 OT6	1
 OT5	1
 OT4	1
 OT3	1
 OT2	1
 OT1	1
 OT0	1

OSPEEDR	0xFFFFFFFF	read-write	@ 0x48001008
 OSPEEDR15	0x3
 OSPEEDR14	0x3
 OSPEEDR13	0x3
 OSPEEDR12	0x3
 OSPEEDR11	0x3
 OSPEEDR10	0x3
 OSPEEDR9	0x3
 OSPEEDR8	0x3
 OSPEEDR7	0x3
 OSPEEDR6	0x3
 OSPEEDR5	0x3
 OSPEEDR4	0x3
 OSPEEDR3	0x3
 OSPEEDR2	0x3
 OSPEEDR1	0x3
 OSPEEDR0	0x3

PUPDR	0xFFFFFFFF	read-write	@ 0x4800100C
 PUPDR15	0x3
 PUPDR14	0x3
 PUPDR13	0x3
 PUPDR12	0x3
 PUPDR11	0x3
 PUPDR10	0x3
 PUPDR9	0x3
 PUPDR8	0x3
 PUPDR7	0x3
 PUPDR6	0x3
 PUPDR5	0x3
 PUPDR4	0x3
 PUPDR3	0x3
 PUPDR2	0x3
 PUPDR1	0x3
 PUPDR0	0x3

IDR	0xFFFFFFFF	read-only	@ 0x48001010
 IDR15	1
 IDR14	1
 IDR13	1
 IDR12	1
 IDR11	1
 IDR10	1
 IDR9	1
 IDR8	1
 IDR7	1
 IDR6	1
 IDR5	1
 IDR4	1
 IDR3	1
 IDR2	1
 IDR1	1
 IDR0	1

ODR	0xFFFFFFFF	read-write	@ 0x48001014
 ODR15	1
 ODR14	1
 ODR13	1
 ODR12	1
 ODR11	1
 ODR10	1
 ODR9	1
 ODR8	1
 ODR7	1
 ODR6	1
 ODR5	1
 ODR4	1
 ODR3	1
 ODR2	1
 ODR1	1
 ODR0	1

BSRR	write-only	write-only	@ 0x48001018
 BR15	W
 BR14	W
 BR13	W
 BR12	W
 BR11	W
 BR10	W
 BR9	W
 BR8	W
 BR7	W
 BR6	W
 BR5	W
 BR4	W
 BR3	W
 BR2	W
 BR1	W
 BR0	W
 BS15	W
 BS14	W
 BS13	W
 BS12	W
 BS11	W
 BS10	W
 BS9	W
 BS8	W
 BS7	W
 BS6	W
 BS5	W
 BS4	W
 BS3	W
 BS2	W
 BS1	W
 BS0	W

LCKR	0xFFFFFFFF	read-write	@ 0x4800101C
 LCKK	1
 LCK15	1
 LCK14	1
 LCK13	1
 LCK12	1
 LCK11	1
 LCK10	1
 LCK9	1
 LCK8	1
 LCK7	1
 LCK6	1
 LCK5	1
 LCK4	1
 LCK3	1
 LCK2	1
 LCK1	1
 LCK0	1

AFRL	0xFFFFFFFF	read-write	@ 0x48001020
 AFRL7	0xF
 AFRL6	0xF
 AFRL5	0xF
 AFRL4	0xF
 AFRL3	0xF
 AFRL2	0xF
 AFRL1	0xF
 AFRL0	0xF

AFRH	0xFFFFFFFF	read-write	@ 0x48001024
 AFRH15	0xF
 AFRH14	0xF
 AFRH13	0xF
 AFRH12	0xF
 AFRH11	0xF
 AFRH10	0xF
 AFRH9	0xF
 AFRH8	0xF

Peripheral :GPIOH
Name	Value	Access	Address
MODER	0x000000CF	read-write	@ 0x48001C00
 MODER15	0x0
 MODER14	0x0
 MODER13	0x0
 MODER12	0x0
 MODER11	0x0
 MODER10	0x0
 MODER9	0x0
 MODER8	0x0
 MODER7	0x0
 MODER6	0x0
 MODER5	0x0
 MODER4	0x0
 MODER3	0x3
 MODER2	0x0
 MODER1	0x3
 MODER0	0x3

OTYPER	0x000000CF	read-write	@ 0x48001C04
 OT15	0
 OT14	0
 OT13	0
 OT12	0
 OT11	0
 OT10	0
 OT9	0
 OT8	0
 OT7	1
 OT6	1
 OT5	0
 OT4	0
 OT3	1
 OT2	1
 OT1	1
 OT0	1

OSPEEDR	0x000000CF	read-write	@ 0x48001C08
 OSPEEDR15	0x0
 OSPEEDR14	0x0
 OSPEEDR13	0x0
 OSPEEDR12	0x0
 OSPEEDR11	0x0
 OSPEEDR10	0x0
 OSPEEDR9	0x0
 OSPEEDR8	0x0
 OSPEEDR7	0x0
 OSPEEDR6	0x0
 OSPEEDR5	0x0
 OSPEEDR4	0x0
 OSPEEDR3	0x3
 OSPEEDR2	0x0
 OSPEEDR1	0x3
 OSPEEDR0	0x3

PUPDR	0x000000CF	read-write	@ 0x48001C0C
 PUPDR15	0x0
 PUPDR14	0x0
 PUPDR13	0x0
 PUPDR12	0x0
 PUPDR11	0x0
 PUPDR10	0x0
 PUPDR9	0x0
 PUPDR8	0x0
 PUPDR7	0x0
 PUPDR6	0x0
 PUPDR5	0x0
 PUPDR4	0x0
 PUPDR3	0x3
 PUPDR2	0x0
 PUPDR1	0x3
 PUPDR0	0x3

IDR	0x000000CF	read-only	@ 0x48001C10
 IDR15	0
 IDR14	0
 IDR13	0
 IDR12	0
 IDR11	0
 IDR10	0
 IDR9	0
 IDR8	0
 IDR7	1
 IDR6	1
 IDR5	0
 IDR4	0
 IDR3	1
 IDR2	1
 IDR1	1
 IDR0	1

ODR	0x000000CF	read-write	@ 0x48001C14
 ODR15	0
 ODR14	0
 ODR13	0
 ODR12	0
 ODR11	0
 ODR10	0
 ODR9	0
 ODR8	0
 ODR7	1
 ODR6	1
 ODR5	0
 ODR4	0
 ODR3	1
 ODR2	1
 ODR1	1
 ODR0	1

BSRR	write-only	write-only	@ 0x48001C18
 BR15	W
 BR14	W
 BR13	W
 BR12	W
 BR11	W
 BR10	W
 BR9	W
 BR8	W
 BR7	W
 BR6	W
 BR5	W
 BR4	W
 BR3	W
 BR2	W
 BR1	W
 BR0	W
 BS15	W
 BS14	W
 BS13	W
 BS12	W
 BS11	W
 BS10	W
 BS9	W
 BS8	W
 BS7	W
 BS6	W
 BS5	W
 BS4	W
 BS3	W
 BS2	W
 BS1	W
 BS0	W

LCKR	0x000000CF	read-write	@ 0x48001C1C
 LCKK	0
 LCK15	0
 LCK14	0
 LCK13	0
 LCK12	0
 LCK11	0
 LCK10	0
 LCK9	0
 LCK8	0
 LCK7	1
 LCK6	1
 LCK5	0
 LCK4	0
 LCK3	1
 LCK2	1
 LCK1	1
 LCK0	1

AFRL	0x000000CF	read-write	@ 0x48001C20
 AFRL7	0x0
 AFRL6	0x0
 AFRL5	0x0
 AFRL4	0x0
 AFRL3	0x0
 AFRL2	0x0
 AFRL1	0xC
 AFRL0	0xF

AFRH	0x000000CF	read-write	@ 0x48001C24
 AFRH15	0x0
 AFRH14	0x0
 AFRH13	0x0
 AFRH12	0x0
 AFRH11	0x0
 AFRH10	0x0
 AFRH9	0xC
 AFRH8	0xF

Peripheral :SAI1
Name	Value	Access	Address
BCR1	0x00000000	read-write	@ 0x40015424
 MCKDIV	0x0
 NODIV	0
 DMAEN	0
 SAIBEN	0
 OutDri	0
 MONO	0
 SYNCEN	0x0
 CKSTR	0
 LSBFIRST	0
 DS	0x0
 PRTCFG	0x0
 MODE	0x0

BCR2	0x00000000	read-write	@ 0x40015428
 COMP	0x0
 CPL	0
 MUTECN	0x0
 MUTEVAL	0
 MUTE	0
 TRIS	0
 FFLUS	0
 FTH	0x0

BFRCR	0x00000000	read-write	@ 0x4001542C
 FSOFF	0
 FSPOL	0
 FSDEF	0
 FSALL	0x0
 FRL	0x0

BSLOTR	0x00000000	read-write	@ 0x40015430
 SLOTEN	0x0
 NBSLOT	0x0
 SLOTSZ	0x0
 FBOFF	0x0

BIM	0x00000000	read-write	@ 0x40015434
 LFSDETIE	0
 AFSDETIE	0
 CNRDYIE	0
 FREQIE	0
 WCKCFG	0
 MUTEDET	0
 OVRUDRIE	0

BSR	0x00000000	read-only	@ 0x40015438
 FLVL	0x0
 LFSDET	0
 AFSDET	0
 CNRDY	0
 FREQ	0
 WCKCFG	0
 MUTEDET	0
 OVRUDR	0

BCLRFR	write-only	write-only	@ 0x4001543C
 LFSDET	W
 CAFSDET	W
 CNRDY	W
 WCKCFG	W
 MUTEDET	W
 OVRUDR	W

BDR	0x00000000	read-write	@ 0x40015440
 DATA	0x0

ACR1	0x00000000	read-write	@ 0x40015404
 MCKDIV	0x0
 NODIV	0
 DMAEN	0
 SAIAEN	0
 OutDri	0
 MONO	0
 SYNCEN	0x0
 CKSTR	0
 LSBFIRST	0
 DS	0x0
 PRTCFG	0x0
 MODE	0x0

ACR2	0x00000000	read-write	@ 0x40015408
 COMP	0x0
 CPL	0
 MUTECN	0x0
 MUTEVAL	0
 MUTE	0
 TRIS	0
 FFLUS	0
 FTH	0x0

AFRCR	0x00000000	read-write	@ 0x4001540C
 FSOFF	0
 FSPOL	0
 FSDEF	0
 FSALL	0x0
 FRL	0x0

ASLOTR	0x00000000	read-write	@ 0x40015410
 SLOTEN	0x0
 NBSLOT	0x0
 SLOTSZ	0x0
 FBOFF	0x0

AIM	0x00000000	read-write	@ 0x40015414
 LFSDET	0
 AFSDETIE	0
 CNRDYIE	0
 FREQIE	0
 WCKCFG	0
 MUTEDET	0
 OVRUDRIE	0

ASR	0x00000000	read-write	@ 0x40015418
 FLVL	0x0
 LFSDET	0
 AFSDET	0
 CNRDY	0
 FREQ	0
 WCKCFG	0
 MUTEDET	0
 OVRUDR	0

ACLRFR	0x00000000	read-write	@ 0x4001541C
 LFSDET	0
 CAFSDET	0
 CNRDY	0
 WCKCFG	0
 MUTEDET	0
 OVRUDR	0

ADR	0x00000000	read-write	@ 0x40015420
 DATA	0x0

Peripheral :TIM2
Name	Value	Access	Address
CR1	0x00000000	read-write	@ 0x40000000
 CKD	0x0
 ARPE	0
 CMS	0x0
 DIR	0
 OPM	0
 URS	0
 UDIS	0
 CEN	0

CR2	0x00000000	read-write	@ 0x40000004
 TI1S	0
 MMS	0x0
 CCDS	0

SMCR	0x00000000	read-write	@ 0x40000008
 ETP	0
 ECE	0
 ETPS	0x0
 ETF	0x0
 MSM	0
 TS	0x0
 SMS	0x0

DIER	0x00000000	read-write	@ 0x4000000C
 TDE	0
 COMDE	0
 CC4DE	0
 CC3DE	0
 CC2DE	0
 CC1DE	0
 UDE	0
 TIE	0
 CC4IE	0
 CC3IE	0
 CC2IE	0
 CC1IE	0
 UIE	0

SR	0x00000000	read-write	@ 0x40000010
 CC4OF	0
 CC3OF	0
 CC2OF	0
 CC1OF	0
 TIF	0
 CC4IF	0
 CC3IF	0
 CC2IF	0
 CC1IF	0
 UIF	0

EGR	write-only	write-only	@ 0x40000014
 TG	W
 CC4G	W
 CC3G	W
 CC2G	W
 CC1G	W
 UG	W

CCMR1_Output	0x00000000	read-write	@ 0x40000018
 OC2CE	0
 OC2M	0x0
 OC2PE	0
 OC2FE	0
 CC2S	0x0
 OC1CE	0
 OC1M	0x0
 OC1PE	0
 OC1FE	0
 CC1S	0x0

CCMR1_Input	0x00000000	read-write	@ 0x40000018
 IC2F	0x0
 IC2PSC	0x0
 CC2S	0x0
 IC1F	0x0
 IC1PSC	0x0
 CC1S	0x0

CCMR2_Output	0x00000000	read-write	@ 0x4000001C
 OC4CE	0
 OC4M	0x0
 OC4PE	0
 OC4FE	0
 CC4S	0x0
 OC3CE	0
 OC3M	0x0
 OC3PE	0
 OC3FE	0
 CC3S	0x0

CCMR2_Input	0x00000000	read-write	@ 0x4000001C
 IC4F	0x0
 IC4PSC	0x0
 CC4S	0x0
 IC3F	0x0
 IC3PSC	0x0
 CC3S	0x0

CCER	0x00000000	read-write	@ 0x40000020
 CC4NP	0
 CC4P	0
 CC4E	0
 CC3NP	0
 CC3P	0
 CC3E	0
 CC2NP	0
 CC2P	0
 CC2E	0
 CC1NP	0
 CC1P	0
 CC1E	0

CNT	0x00000000	read-write	@ 0x40000024
 CNT_H	0x0
 CNT_L	0x0

PSC	0x00000000	read-write	@ 0x40000028
 PSC	0x0

ARR	0x00000000	read-write	@ 0x4000002C
 ARR_H	0x0
 ARR_L	0x0

CCR1	0x00000000	read-write	@ 0x40000034
 CCR1_H	0x0
 CCR1_L	0x0

CCR2	0x00000000	read-write	@ 0x40000038
 CCR2_H	0x0
 CCR2_L	0x0

CCR3	0x00000000	read-write	@ 0x4000003C
 CCR3_H	0x0
 CCR3_L	0x0

CCR4	0x00000000	read-write	@ 0x40000040
 CCR4_H	0x0
 CCR4_L	0x0

DCR	0x00000000	read-write	@ 0x40000048
 DBL	0x0
 DBA	0x0

DMAR	0x00000000	read-write	@ 0x4000004C
 DMAB	0x0

OR	0x00000000	read-write	@ 0x40000050
 ETR_RMP	0x0
 TI4_RMP	0x0

Peripheral :TIM3
Name	Value	Access	Address
CR1	0x00000000	read-write	@ 0x40000400
 CKD	0x0
 ARPE	0
 CMS	0x0
 DIR	0
 OPM	0
 URS	0
 UDIS	0
 CEN	0

CR2	0x00000000	read-write	@ 0x40000404
 TI1S	0
 MMS	0x0
 CCDS	0

SMCR	0x00000000	read-write	@ 0x40000408
 ETP	0
 ECE	0
 ETPS	0x0
 ETF	0x0
 MSM	0
 TS	0x0
 SMS	0x0

DIER	0x00000000	read-write	@ 0x4000040C
 TDE	0
 COMDE	0
 CC4DE	0
 CC3DE	0
 CC2DE	0
 CC1DE	0
 UDE	0
 TIE	0
 CC4IE	0
 CC3IE	0
 CC2IE	0
 CC1IE	0
 UIE	0

SR	0x00000000	read-write	@ 0x40000410
 CC4OF	0
 CC3OF	0
 CC2OF	0
 CC1OF	0
 TIF	0
 CC4IF	0
 CC3IF	0
 CC2IF	0
 CC1IF	0
 UIF	0

EGR	write-only	write-only	@ 0x40000414
 TG	W
 CC4G	W
 CC3G	W
 CC2G	W
 CC1G	W
 UG	W

CCMR1_Output	0x00000000	read-write	@ 0x40000418
 OC2CE	0
 OC2M	0x0
 OC2PE	0
 OC2FE	0
 CC2S	0x0
 OC1CE	0
 OC1M	0x0
 OC1PE	0
 OC1FE	0
 CC1S	0x0

CCMR1_Input	0x00000000	read-write	@ 0x40000418
 IC2F	0x0
 IC2PSC	0x0
 CC2S	0x0
 IC1F	0x0
 IC1PSC	0x0
 CC1S	0x0

CCMR2_Output	0x00000000	read-write	@ 0x4000041C
 OC4CE	0
 OC4M	0x0
 OC4PE	0
 OC4FE	0
 CC4S	0x0
 OC3CE	0
 OC3M	0x0
 OC3PE	0
 OC3FE	0
 CC3S	0x0

CCMR2_Input	0x00000000	read-write	@ 0x4000041C
 IC4F	0x0
 IC4PSC	0x0
 CC4S	0x0
 IC3F	0x0
 IC3PSC	0x0
 CC3S	0x0

CCER	0x00000000	read-write	@ 0x40000420
 CC4NP	0
 CC4P	0
 CC4E	0
 CC3NP	0
 CC3P	0
 CC3E	0
 CC2NP	0
 CC2P	0
 CC2E	0
 CC1NP	0
 CC1P	0
 CC1E	0

CNT	0x00000000	read-write	@ 0x40000424
 CNT_H	0x0
 CNT_L	0x0

PSC	0x00000000	read-write	@ 0x40000428
 PSC	0x0

ARR	0x00000000	read-write	@ 0x4000042C
 ARR_H	0x0
 ARR_L	0x0

CCR1	0x00000000	read-write	@ 0x40000434
 CCR1_H	0x0
 CCR1_L	0x0

CCR2	0x00000000	read-write	@ 0x40000438
 CCR2_H	0x0
 CCR2_L	0x0

CCR3	0x00000000	read-write	@ 0x4000043C
 CCR3_H	0x0
 CCR3_L	0x0

CCR4	0x00000000	read-write	@ 0x40000440
 CCR4_H	0x0
 CCR4_L	0x0

DCR	0x00000000	read-write	@ 0x40000448
 DBL	0x0
 DBA	0x0

DMAR	0x00000000	read-write	@ 0x4000044C
 DMAB	0x0

OR	0x00000000	read-write	@ 0x40000450
 ETR_RMP	0x0
 TI4_RMP	0x0

Peripheral :TIM15
Name	Value	Access	Address
CR1	0x00000000	read-write	@ 0x40014000
 CEN	0
 UDIS	0
 URS	0
 OPM	0
 ARPE	0
 CKD	0x0
 UIFREMAP	0

CR2	0x00000000	read-write	@ 0x40014004
 OIS2	0
 OIS1N	0
 OIS1	0
 TI1S	0
 MMS	0x0
 CCDS	0
 CCUS	0
 CCPC	0

SMCR	0x00000000	read-write	@ 0x40014008
 SMS_3	0
 MSM	0
 TS	0x0
 SMS	0x0

DIER	0x00000000	read-write	@ 0x4001400C
 TDE	0
 COMDE	0
 CC2DE	0
 CC1DE	0
 UDE	0
 BIE	0
 TIE	0
 COMIE	0
 CC2IE	0
 CC1IE	0
 UIE	0

SR	0x00000000	read-write	@ 0x40014010
 CC2OF	0
 CC1OF	0
 BIF	0
 TIF	0
 COMIF	0
 CC2IF	0
 CC1IF	0
 UIF	0

EGR	write-only	write-only	@ 0x40014014
 BG	W
 TG	W
 COMG	W
 CC2G	W
 CC1G	W
 UG	W

CCMR1_Output	0x00000000	read-write	@ 0x40014018
 OC1M_3	0
 OC1M	0x0
 OC1PE	0
 OC1FE	0
 CC1S	0x0
 OC2M_3	0
 OC2M	0x0
 OC2PE	0
 OC2FE	0
 CC2S	0x0

CCMR1_Input	0x00000000	read-write	@ 0x40014018
 IC1F	0x0
 IC1PSC	0x0
 CC1S	0x0
 IC2F	0x0
 IC2PSC	0x0
 CC2S	0x0

CCER	0x00000000	read-write	@ 0x40014020
 CC2NP	0
 CC2P	0
 CC2E	0
 CC1NP	0
 CC1NE	0
 CC1P	0
 CC1E	0

CNT	0x00000000	read-write	@ 0x40014024
 CNT	0x0
 UIFCPY	0

PSC	0x00000000	read-write	@ 0x40014028
 PSC	0x0

ARR	0x00000000	read-write	@ 0x4001402C
 ARR	0x0

RCR	0x00000000	read-write	@ 0x40014030
 REP	0x0

CCR1	0x00000000	read-write	@ 0x40014034
 CCR1	0x0

CCR2	0x00000000	read-write	@ 0x40014038
 CCR2	0x0

BDTR	0x00000000	read-write	@ 0x40014044
 DTG	0x0
 LOCK	0x0
 OSSI	0
 OSSR	0
 BKE	0
 BKP	0
 AOE	0
 MOE	0

DCR	0x00000000	read-write	@ 0x40014048
 DBL	0x0
 DBA	0x0

DMAR	0x00000000	read-write	@ 0x4001404C
 DMAB	0x0

OR1	0x00000000	read-write	@ 0x40014050
 ENCODER_MODE	0x0
 TI1_RMP	0

OR2	0x00000000	read-write	@ 0x40014060
 BKCMP2P	0
 BKCMP1P	0
 BKINP	0
 BKCMP2E	0
 BKCMP1E	0
 BKINE	0

Peripheral :TIM16
Name	Value	Access	Address
CR1	0x00000000	read-write	@ 0x40014400
 CEN	0
 UDIS	0
 URS	0
 OPM	0
 ARPE	0
 CKD	0x0
 UIFREMAP	0

CR2	0x00000000	read-write	@ 0x40014404
 OIS1N	0
 OIS1	0
 CCDS	0
 CCUS	0
 CCPC	0

DIER	0x00000000	read-write	@ 0x4001440C
 TDE	0
 COMDE	0
 CC1DE	0
 UDE	0
 BIE	0
 TIE	0
 COMIE	0
 CC1IE	0
 UIE	0

SR	0x00000000	read-write	@ 0x40014410
 CC1OF	0
 BIF	0
 TIF	0
 COMIF	0
 CC1IF	0
 UIF	0

EGR	write-only	write-only	@ 0x40014414
 BG	W
 TG	W
 COMG	W
 CC1G	W
 UG	W

CCMR1_Output	0x00000000	read-write	@ 0x40014418
 OC1M_2	0
 OC1M	0x0
 OC1PE	0
 OC1FE	0
 CC1S	0x0

CCMR1_Input	0x00000000	read-write	@ 0x40014418
 IC1F	0x0
 IC1PSC	0x0
 CC1S	0x0

CCER	0x00000000	read-write	@ 0x40014420
 CC1NP	0
 CC1NE	0
 CC1P	0
 CC1E	0

CNT	0x00000000	read-write	@ 0x40014424
 CNT	0x0
 UIFCPY	0

PSC	0x00000000	read-write	@ 0x40014428
 PSC	0x0

ARR	0x00000000	read-write	@ 0x4001442C
 ARR	0x0

RCR	0x00000000	read-write	@ 0x40014430
 REP	0x0

CCR1	0x00000000	read-write	@ 0x40014434
 CCR1	0x0

BDTR	0x00000000	read-write	@ 0x40014444
 DTG	0x0
 LOCK	0x0
 OSSI	0
 OSSR	0
 BKE	0
 BKP	0
 AOE	0
 MOE	0
 BKF	0x0

DCR	0x00000000	read-write	@ 0x40014448
 DBL	0x0
 DBA	0x0

DMAR	0x00000000	read-write	@ 0x4001444C
 DMAB	0x0

OR1	0x00000000	read-write	@ 0x40014450
 TI1_RMP	0x0

OR2	0x00000000	read-write	@ 0x40014460
 BKINE	0
 BKCMP1E	0
 BKCMP2E	0
 BKDFBK1E	0
 BKINP	0
 BKCMP1P	0
 BKCMP2P	0

Peripheral :TIM1
Name	Value	Access	Address
CR1	0x00000000	read-write	@ 0x40012C00
 CKD	0x0
 ARPE	0
 CMS	0x0
 DIR	0
 OPM	0
 URS	0
 UDIS	0
 CEN	0

CR2	0x00000000	read-write	@ 0x40012C04
 OIS4	0
 OIS3N	0
 OIS3	0
 OIS2N	0
 OIS2	0
 OIS1N	0
 OIS1	0
 TI1S	0
 MMS	0x0
 CCDS	0
 CCUS	0
 CCPC	0

SMCR	0x00000000	read-write	@ 0x40012C08
 ETP	0
 ECE	0
 ETPS	0x0
 ETF	0x0
 MSM	0
 TS	0x0
 SMS	0x0

DIER	0x00000000	read-write	@ 0x40012C0C
 TDE	0
 COMDE	0
 CC4DE	0
 CC3DE	0
 CC2DE	0
 CC1DE	0
 UDE	0
 TIE	0
 CC4IE	0
 CC3IE	0
 CC2IE	0
 CC1IE	0
 UIE	0
 BIE	0
 COMIE	0

SR	0x00000000	read-write	@ 0x40012C10
 CC4OF	0
 CC3OF	0
 CC2OF	0
 CC1OF	0
 BIF	0
 TIF	0
 COMIF	0
 CC4IF	0
 CC3IF	0
 CC2IF	0
 CC1IF	0
 UIF	0

EGR	write-only	write-only	@ 0x40012C14
 BG	W
 TG	W
 COMG	W
 CC4G	W
 CC3G	W
 CC2G	W
 CC1G	W
 UG	W

CCMR1_Output	0x00000000	read-write	@ 0x40012C18
 OC2CE	0
 OC2M	0x0
 OC2PE	0
 OC2FE	0
 CC2S	0x0
 OC1CE	0
 OC1M	0x0
 OC1PE	0
 OC1FE	0
 CC1S	0x0

CCMR1_Input	0x00000000	read-write	@ 0x40012C18
 IC2F	0x0
 IC2PCS	0x0
 CC2S	0x0
 IC1F	0x0
 ICPCS	0x0
 CC1S	0x0

CCMR2_Output	0x00000000	read-write	@ 0x40012C1C
 OC4CE	0
 OC4M	0x0
 OC4PE	0
 OC4FE	0
 CC4S	0x0
 OC3CE	0
 OC3M	0x0
 OC3PE	0
 OC3FE	0
 CC3S	0x0

CCMR2_Input	0x00000000	read-write	@ 0x40012C1C
 IC4F	0x0
 IC4PSC	0x0
 CC4S	0x0
 IC3F	0x0
 IC3PSC	0x0
 CC3S	0x0

CCER	0x00000000	read-write	@ 0x40012C20
 CC4P	0
 CC4E	0
 CC3NP	0
 CC3NE	0
 CC3P	0
 CC3E	0
 CC2NP	0
 CC2NE	0
 CC2P	0
 CC2E	0
 CC1NP	0
 CC1NE	0
 CC1P	0
 CC1E	0

CNT	0x00000000	read-write	@ 0x40012C24
 CNT	0x0

PSC	0x00000000	read-write	@ 0x40012C28
 PSC	0x0

ARR	0x00000000	read-write	@ 0x40012C2C
 ARR	0x0

RCR	0x00000000	read-write	@ 0x40012C30
 REP	0x0

CCR1	0x00000000	read-write	@ 0x40012C34
 CCR1	0x0

CCR2	0x00000000	read-write	@ 0x40012C38
 CCR2	0x0

CCR3	0x00000000	read-write	@ 0x40012C3C
 CCR3	0x0

CCR4	0x00000000	read-write	@ 0x40012C40
 CCR4	0x0

BDTR	0x00000000	read-write	@ 0x40012C44
 MOE	0
 AOE	0
 BKP	0
 BKE	0
 OSSR	0
 OSSI	0
 LOCK	0x0
 DTG	0x0

DCR	0x00000000	read-write	@ 0x40012C48
 DBL	0x0
 DBA	0x0

DMAR	0x00000000	read-write	@ 0x40012C4C
 DMAB	0x0

OR1	0x00000000	read-write	@ 0x40012C50
 ETR_ADC1_RMP	0x0
 ETR_ADC3_RMP	0x0
 TI1_RMP	0

CCMR3_Output	0x00000000	read-write	@ 0x40012C54
 OC6M_bit3	0
 OC5M_bit3	0x0
 OC6CE	0
 OC6M	0x0
 OC6PE	0
 OC6FE	0
 OC5CE	0
 OC5M	0x0
 OC5PE	0
 OC5FE	0

CCR5	0x00000000	read-write	@ 0x40012C58
 CCR5	0x0
 GC5C1	0
 GC5C2	0
 GC5C3	0

CCR6	0x00000000	read-write	@ 0x40012C5C
 CCR6	0x0

OR2	0x00000000	read-write	@ 0x40012C60
 BKINE	0
 BKCMP1E	0
 BKCMP2E	0
 BKDFBK0E	0
 BKINP	0
 BKCMP1P	0
 BKCMP2P	0
 ETRSEL	0x0

OR3	0x00000000	read-write	@ 0x40012C64
 BK2INE	0
 BK2CMP1E	0
 BK2CMP2E	0
 BK2DFBK0E	0
 BK2INP	0
 BK2CMP1P	0
 BK2CMP2P	0

Peripheral :TIM6
Name	Value	Access	Address
CR1	0x00000000	read-write	@ 0x40001000
 ARPE	0
 OPM	0
 URS	0
 UDIS	0
 CEN	0

CR2	0x00000000	read-write	@ 0x40001004
 MMS	0x0

DIER	0x00000000	read-write	@ 0x4000100C
 UDE	0
 UIE	0

SR	0x00000000	read-write	@ 0x40001010
 UIF	0

EGR	write-only	write-only	@ 0x40001014
 UG	W

CNT	0x00000000	read-write	@ 0x40001024
 CNT	0x0

PSC	0x00000000	read-write	@ 0x40001028
 PSC	0x0

ARR	0x00000000	read-write	@ 0x4000102C
 ARR	0x0

Peripheral :TIM7
Name	Value	Access	Address
CR1	0x00000000	read-write	@ 0x40001400
 ARPE	0
 OPM	0
 URS	0
 UDIS	0
 CEN	0

CR2	0x00000000	read-write	@ 0x40001404
 MMS	0x0

DIER	0x00000000	read-write	@ 0x4000140C
 UDE	0
 UIE	0

SR	0x00000000	read-write	@ 0x40001410
 UIF	0

EGR	write-only	write-only	@ 0x40001414
 UG	W

CNT	0x00000000	read-write	@ 0x40001424
 CNT	0x0

PSC	0x00000000	read-write	@ 0x40001428
 PSC	0x0

ARR	0x00000000	read-write	@ 0x4000142C
 ARR	0x0

Peripheral :LPTIM1
Name	Value	Access	Address
ISR	0x00000000	read-only	@ 0x40007C00
 REPOK	0
 UE	0
 DOWN	0
 UP	0
 ARROK	0
 CMPOK	0
 EXTTRIG	0
 ARRM	0
 CMPM	0

ICR	write-only	write-only	@ 0x40007C04
 REPOKCF	W
 UECF	W
 DOWNCF	W
 UPCF	W
 ARROKCF	W
 CMPOKCF	W
 EXTTRIGCF	W
 ARRMCF	W
 CMPMCF	W

IER	0x00000000	read-write	@ 0x40007C08
 REPOKIE	0
 UEIE	0
 DOWNIE	0
 UPIE	0
 ARROKIE	0
 CMPOKIE	0
 EXTTRIGIE	0
 ARRMIE	0
 CMPMIE	0

CFGR	0x00000000	read-write	@ 0x40007C0C
 ENC	0
 COUNTMODE	0
 PRELOAD	0
 WAVPOL	0
 WAVE	0
 TIMOUT	0
 TRIGEN	0x0
 TRIGSEL	0x0
 PRESC	0x0
 TRGFLT	0x0
 CKFLT	0x0
 CKPOL	0x0
 CKSEL	0

CR	0x00000000	read-write	@ 0x40007C10
 RSTARE	0
 COUNTRST	0
 CNTSTRT	0
 SNGSTRT	0
 ENABLE	0

CMP	0x00000000	read-write	@ 0x40007C14
 CMP	0x0

ARR	0x00000000	read-write	@ 0x40007C18
 ARR	0x0

CNT	0x00000000	read-only	@ 0x40007C1C
 CNT	0x0

OR	0x00000000	read-write	@ 0x40007C20
 OR_0	0
 OR_1	0

CFGR2	0x00000000	read-write	@ 0x40007C24
 IN1SEL	0x0
 IN2SEL	0x0

RCR	0x00000000	read-write	@ 0x40007C28
 REP	0x0

Peripheral :LPTIM2
Name	Value	Access	Address
ISR	0x00000000	read-only	@ 0x40009400
 REPOK	0
 UE	0
 DOWN	0
 UP	0
 ARROK	0
 CMPOK	0
 EXTTRIG	0
 ARRM	0
 CMPM	0

ICR	write-only	write-only	@ 0x40009404
 REPOKCF	W
 UECF	W
 DOWNCF	W
 UPCF	W
 ARROKCF	W
 CMPOKCF	W
 EXTTRIGCF	W
 ARRMCF	W
 CMPMCF	W

IER	0x00000000	read-write	@ 0x40009408
 REPOKIE	0
 UEIE	0
 DOWNIE	0
 UPIE	0
 ARROKIE	0
 CMPOKIE	0
 EXTTRIGIE	0
 ARRMIE	0
 CMPMIE	0

CFGR	0x00000000	read-write	@ 0x4000940C
 ENC	0
 COUNTMODE	0
 PRELOAD	0
 WAVPOL	0
 WAVE	0
 TIMOUT	0
 TRIGEN	0x0
 TRIGSEL	0x0
 PRESC	0x0
 TRGFLT	0x0
 CKFLT	0x0
 CKPOL	0x0
 CKSEL	0

CR	0x00000000	read-write	@ 0x40009410
 RSTARE	0
 COUNTRST	0
 CNTSTRT	0
 SNGSTRT	0
 ENABLE	0

CMP	0x00000000	read-write	@ 0x40009414
 CMP	0x0

ARR	0x00000000	read-write	@ 0x40009418
 ARR	0x0

CNT	0x00000000	read-only	@ 0x4000941C
 CNT	0x0

OR	0x00000000	read-write	@ 0x40009420
 OR_0	0
 OR_1	0

CFGR2	0x00000000	read-write	@ 0x40009424
 IN1SEL	0x0
 IN2SEL	0x0

RCR	0x00000000	read-write	@ 0x40009428
 REP	0x0

Peripheral :USART1
Name	Value	Access	Address
CR1	0x00000000	read-write	@ 0x40013800
 M1	0
 EOBIE	0
 RTOIE	0
 DEAT4	0
 DEAT3	0
 DEAT2	0
 DEAT1	0
 DEAT0	0
 DEDT4	0
 DEDT3	0
 DEDT2	0
 DEDT1	0
 DEDT0	0
 OVER8	0
 CMIE	0
 MME	0
 M0	0
 WAKE	0
 PCE	0
 PS	0
 PEIE	0
 TXEIE	0
 TCIE	0
 RXNEIE	0
 IDLEIE	0
 TE	0
 RE	0
 UESM	0
 UE	0

CR2	0x00000000	read-write	@ 0x40013804
 ADD4_7	0x0
 ADD0_3	0x0
 RTOEN	0
 ABRMOD1	0
 ABRMOD0	0
 ABREN	0
 MSBFIRST	0
 TAINV	0
 TXINV	0
 RXINV	0
 SWAP	0
 LINEN	0
 STOP	0x0
 CLKEN	0
 CPOL	0
 CPHA	0
 LBCL	0
 LBDIE	0
 LBDL	0
 ADDM7	0

CR3	0x00000000	read-write	@ 0x40013808
 WUFIE	0
 WUS	0x0
 SCARCNT	0x0
 DEP	0
 DEM	0
 DDRE	0
 OVRDIS	0
 ONEBIT	0
 CTSIE	0
 CTSE	0
 RTSE	0
 DMAT	0
 DMAR	0
 SCEN	0
 NACK	0
 HDSEL	0
 IRLP	0
 IREN	0
 EIE	0

BRR	0x00000000	read-write	@ 0x4001380C
 DIV_Mantissa	0x0
 DIV_Fraction	0x0

GTPR	0x00000000	read-write	@ 0x40013810
 GT	0x0
 PSC	0x0

RTOR	0x00000000	read-write	@ 0x40013814
 BLEN	0x0
 RTO	0x0

RQR	write-only	write-only	@ 0x40013818
 TXFRQ	W
 RXFRQ	W
 MMRQ	W
 SBKRQ	W
 ABRRQ	W

ISR	0x000000C0	read-only	@ 0x4001381C
 REACK	0
 TEACK	0
 WUF	0
 RWU	0
 SBKF	0
 CMF	0
 BUSY	0
 ABRF	0
 ABRE	0
 EOBF	0
 RTOF	0
 CTS	0
 CTSIF	0
 LBDF	0
 TXE	1
 TC	1
 RXNE	0
 IDLE	0
 ORE	0
 NF	0
 FE	0
 PE	0

ICR	write-only	write-only	@ 0x40013820
 WUCF	W
 CMCF	W
 EOBCF	W
 RTOCF	W
 CTSCF	W
 LBDCF	W
 TCCF	W
 IDLECF	W
 ORECF	W
 NCF	W
 FECF	W
 PECF	W

RDR	0x00000000	read-only	@ 0x40013824
 RDR	0x0

TDR	0x00000000	read-write	@ 0x40013828
 TDR	0x0

Peripheral :USART2
Name	Value	Access	Address
CR1	0x00000000	read-write	@ 0x40004400
 M1	0
 EOBIE	0
 RTOIE	0
 DEAT4	0
 DEAT3	0
 DEAT2	0
 DEAT1	0
 DEAT0	0
 DEDT4	0
 DEDT3	0
 DEDT2	0
 DEDT1	0
 DEDT0	0
 OVER8	0
 CMIE	0
 MME	0
 M0	0
 WAKE	0
 PCE	0
 PS	0
 PEIE	0
 TXEIE	0
 TCIE	0
 RXNEIE	0
 IDLEIE	0
 TE	0
 RE	0
 UESM	0
 UE	0

CR2	0x00000000	read-write	@ 0x40004404
 ADD4_7	0x0
 ADD0_3	0x0
 RTOEN	0
 ABRMOD1	0
 ABRMOD0	0
 ABREN	0
 MSBFIRST	0
 TAINV	0
 TXINV	0
 RXINV	0
 SWAP	0
 LINEN	0
 STOP	0x0
 CLKEN	0
 CPOL	0
 CPHA	0
 LBCL	0
 LBDIE	0
 LBDL	0
 ADDM7	0

CR3	0x00000000	read-write	@ 0x40004408
 WUFIE	0
 WUS	0x0
 SCARCNT	0x0
 DEP	0
 DEM	0
 DDRE	0
 OVRDIS	0
 ONEBIT	0
 CTSIE	0
 CTSE	0
 RTSE	0
 DMAT	0
 DMAR	0
 SCEN	0
 NACK	0
 HDSEL	0
 IRLP	0
 IREN	0
 EIE	0

BRR	0x00000000	read-write	@ 0x4000440C
 DIV_Mantissa	0x0
 DIV_Fraction	0x0

GTPR	0x00000000	read-write	@ 0x40004410
 GT	0x0
 PSC	0x0

RTOR	0x00000000	read-write	@ 0x40004414
 BLEN	0x0
 RTO	0x0

RQR	write-only	write-only	@ 0x40004418
 TXFRQ	W
 RXFRQ	W
 MMRQ	W
 SBKRQ	W
 ABRRQ	W

ISR	0x000000C0	read-only	@ 0x4000441C
 REACK	0
 TEACK	0
 WUF	0
 RWU	0
 SBKF	0
 CMF	0
 BUSY	0
 ABRF	0
 ABRE	0
 EOBF	0
 RTOF	0
 CTS	0
 CTSIF	0
 LBDF	0
 TXE	1
 TC	1
 RXNE	0
 IDLE	0
 ORE	0
 NF	0
 FE	0
 PE	0

ICR	write-only	write-only	@ 0x40004420
 WUCF	W
 CMCF	W
 EOBCF	W
 RTOCF	W
 CTSCF	W
 LBDCF	W
 TCCF	W
 IDLECF	W
 ORECF	W
 NCF	W
 FECF	W
 PECF	W

RDR	0x00000000	read-only	@ 0x40004424
 RDR	0x0

TDR	0x00000000	read-write	@ 0x40004428
 TDR	0x0

Peripheral :UART4
Name	Value	Access	Address
CR1	0x00000000	read-write	@ 0x40004C00
 M1	0
 EOBIE	0
 RTOIE	0
 DEAT4	0
 DEAT3	0
 DEAT2	0
 DEAT1	0
 DEAT0	0
 DEDT4	0
 DEDT3	0
 DEDT2	0
 DEDT1	0
 DEDT0	0
 OVER8	0
 CMIE	0
 MME	0
 M0	0
 WAKE	0
 PCE	0
 PS	0
 PEIE	0
 TXEIE	0
 TCIE	0
 RXNEIE	0
 IDLEIE	0
 TE	0
 RE	0
 UESM	0
 UE	0

CR2	0x00000000	read-write	@ 0x40004C04
 ADD4_7	0x0
 ADD0_3	0x0
 RTOEN	0
 ABRMOD1	0
 ABRMOD0	0
 ABREN	0
 MSBFIRST	0
 TAINV	0
 TXINV	0
 RXINV	0
 SWAP	0
 LINEN	0
 STOP	0x0
 CLKEN	0
 CPOL	0
 CPHA	0
 LBCL	0
 LBDIE	0
 LBDL	0
 ADDM7	0

CR3	0x00000000	read-write	@ 0x40004C08
 WUFIE	0
 WUS	0x0
 SCARCNT	0x0
 DEP	0
 DEM	0
 DDRE	0
 OVRDIS	0
 ONEBIT	0
 CTSIE	0
 CTSE	0
 RTSE	0
 DMAT	0
 DMAR	0
 SCEN	0
 NACK	0
 HDSEL	0
 IRLP	0
 IREN	0
 EIE	0

BRR	0x00000000	read-write	@ 0x40004C0C
 DIV_Mantissa	0x0
 DIV_Fraction	0x0

GTPR	0x00000000	read-write	@ 0x40004C10
 GT	0x0
 PSC	0x0

RTOR	0x00000000	read-write	@ 0x40004C14
 BLEN	0x0
 RTO	0x0

RQR	write-only	write-only	@ 0x40004C18
 TXFRQ	W
 RXFRQ	W
 MMRQ	W
 SBKRQ	W
 ABRRQ	W

ISR	0x00000000	read-only	@ 0x40004C1C
 REACK	0
 TEACK	0
 WUF	0
 RWU	0
 SBKF	0
 CMF	0
 BUSY	0
 ABRF	0
 ABRE	0
 EOBF	0
 RTOF	0
 CTS	0
 CTSIF	0
 LBDF	0
 TXE	0
 TC	0
 RXNE	0
 IDLE	0
 ORE	0
 NF	0
 FE	0
 PE	0

ICR	write-only	write-only	@ 0x40004C20
 WUCF	W
 CMCF	W
 EOBCF	W
 RTOCF	W
 CTSCF	W
 LBDCF	W
 TCCF	W
 IDLECF	W
 ORECF	W
 NCF	W
 FECF	W
 PECF	W

RDR	0x00000000	read-only	@ 0x40004C24
 RDR	0x0

TDR	0x00000000	read-write	@ 0x40004C28
 TDR	0x0

Peripheral :USART3
Name	Value	Access	Address
CR1	0x00000000	read-write	@ 0x40004800
 M1	0
 EOBIE	0
 RTOIE	0
 DEAT4	0
 DEAT3	0
 DEAT2	0
 DEAT1	0
 DEAT0	0
 DEDT4	0
 DEDT3	0
 DEDT2	0
 DEDT1	0
 DEDT0	0
 OVER8	0
 CMIE	0
 MME	0
 M0	0
 WAKE	0
 PCE	0
 PS	0
 PEIE	0
 TXEIE	0
 TCIE	0
 RXNEIE	0
 IDLEIE	0
 TE	0
 RE	0
 UESM	0
 UE	0

CR2	0x00000000	read-write	@ 0x40004804
 ADD4_7	0x0
 ADD0_3	0x0
 RTOEN	0
 ABRMOD1	0
 ABRMOD0	0
 ABREN	0
 MSBFIRST	0
 TAINV	0
 TXINV	0
 RXINV	0
 SWAP	0
 LINEN	0
 STOP	0x0
 CLKEN	0
 CPOL	0
 CPHA	0
 LBCL	0
 LBDIE	0
 LBDL	0
 ADDM7	0

CR3	0x00000000	read-write	@ 0x40004808
 WUFIE	0
 WUS	0x0
 SCARCNT	0x0
 DEP	0
 DEM	0
 DDRE	0
 OVRDIS	0
 ONEBIT	0
 CTSIE	0
 CTSE	0
 RTSE	0
 DMAT	0
 DMAR	0
 SCEN	0
 NACK	0
 HDSEL	0
 IRLP	0
 IREN	0
 EIE	0
 UCESM	0
 TCBGTIE	0

BRR	0x00000000	read-write	@ 0x4000480C
 BRR	0x0

GTPR	0x00000000	read-write	@ 0x40004810
 GT	0x0
 PSC	0x0

RTOR	0x00000000	read-write	@ 0x40004814
 BLEN	0x0
 RTO	0x0

RQR	write-only	write-only	@ 0x40004818
 TXFRQ	W
 RXFRQ	W
 MMRQ	W
 SBKRQ	W
 ABRRQ	W

ISR	0x000000C0	read-only	@ 0x4000481C
 REACK	0
 TEACK	0
 WUF	0
 RWU	0
 SBKF	0
 CMF	0
 BUSY	0
 ABRF	0
 ABRE	0
 EOBF	0
 RTOF	0
 CTS	0
 CTSIF	0
 LBDF	0
 TXE	1
 TC	1
 RXNE	0
 IDLE	0
 ORE	0
 NF	0
 FE	0
 PE	0
 TCBGT	0

ICR	write-only	write-only	@ 0x40004820
 WUCF	W
 CMCF	W
 EOBCF	W
 RTOCF	W
 CTSCF	W
 LBDCF	W
 TCCF	W
 IDLECF	W
 ORECF	W
 NCF	W
 FECF	W
 PECF	W

RDR	0x00000000	read-only	@ 0x40004824
 RDR	0x0

TDR	0x00000000	read-write	@ 0x40004828
 TDR	0x0

Peripheral :LPUART1
Name	Value	Access	Address
CR1	0x00000000	read-write	@ 0x40008000
 M1	0
 DEAT4	0
 DEAT3	0
 DEAT2	0
 DEAT1	0
 DEAT0	0
 DEDT4	0
 DEDT3	0
 DEDT2	0
 DEDT1	0
 DEDT0	0
 CMIE	0
 MME	0
 M0	0
 WAKE	0
 PCE	0
 PS	0
 PEIE	0
 TXEIE	0
 TCIE	0
 RXNEIE	0
 IDLEIE	0
 TE	0
 RE	0
 UESM	0
 UE	0

CR2	0x00000000	read-write	@ 0x40008004
 ADD4_7	0x0
 ADD0_3	0x0
 MSBFIRST	0
 TAINV	0
 TXINV	0
 RXINV	0
 SWAP	0
 STOP	0x0
 CLKEN	0
 ADDM7	0

CR3	0x00000000	read-write	@ 0x40008008
 WUFIE	0
 WUS	0x0
 DEP	0
 DEM	0
 DDRE	0
 OVRDIS	0
 CTSIE	0
 CTSE	0
 RTSE	0
 DMAT	0
 DMAR	0
 HDSEL	0
 EIE	0

BRR	0x00000000	read-write	@ 0x4000800C
 BRR	0x0

RQR	write-only	write-only	@ 0x40008018
 RXFRQ	W
 MMRQ	W
 SBKRQ	W

ISR	0x000000C0	read-only	@ 0x4000801C
 REACK	0
 TEACK	0
 WUF	0
 RWU	0
 SBKF	0
 CMF	0
 BUSY	0
 CTS	0
 CTSIF	0
 TXE	1
 TC	1
 RXNE	0
 IDLE	0
 ORE	0
 NF	0
 FE	0
 PE	0

ICR	write-only	write-only	@ 0x40008020
 WUCF	W
 CMCF	W
 CTSCF	W
 TCCF	W
 IDLECF	W
 ORECF	W
 NCF	W
 FECF	W
 PECF	W

RDR	0x00000000	read-only	@ 0x40008024
 RDR	0x0

TDR	0x00000000	read-write	@ 0x40008028
 TDR	0x0

Peripheral :SPI1
Name	Value	Access	Address
CR1	0x00000000	read-write	@ 0x40013000
 BIDIMODE	0
 BIDIOE	0
 CRCEN	0
 CRCNEXT	0
 DFF	0
 RXONLY	0
 SSM	0
 SSI	0
 LSBFIRST	0
 SPE	0
 BR	0x0
 MSTR	0
 CPOL	0
 CPHA	0

CR2	0x00000000	read-write	@ 0x40013004
 RXDMAEN	0
 TXDMAEN	0
 SSOE	0
 NSSP	0
 FRF	0
 ERRIE	0
 RXNEIE	0
 TXEIE	0
 DS	0x0
 FRXTH	0
 LDMA_RX	0
 LDMA_TX	0

SR	0x00000000	read-write	@ 0x40013008
 RXNE	0
 TXE	0
 CRCERR	0
 MODF	0
 OVR	0
 BSY	0
 TIFRFE	0
 FRLVL	0x0
 FTLVL	0x0

DR	0x00000000	read-write	@ 0x4001300C
 DR	0x0

CRCPR	0x00000000	read-write	@ 0x40013010
 CRCPOLY	0x0

RXCRCR	0x00000000	read-only	@ 0x40013014
 RxCRC	0x0

TXCRCR	0x00000000	read-only	@ 0x40013018
 TxCRC	0x0

Peripheral :SPI3
Name	Value	Access	Address
CR1	0x00000000	read-write	@ 0x40003C00
 BIDIMODE	0
 BIDIOE	0
 CRCEN	0
 CRCNEXT	0
 DFF	0
 RXONLY	0
 SSM	0
 SSI	0
 LSBFIRST	0
 SPE	0
 BR	0x0
 MSTR	0
 CPOL	0
 CPHA	0

CR2	0x00000000	read-write	@ 0x40003C04
 RXDMAEN	0
 TXDMAEN	0
 SSOE	0
 NSSP	0
 FRF	0
 ERRIE	0
 RXNEIE	0
 TXEIE	0
 DS	0x0
 FRXTH	0
 LDMA_RX	0
 LDMA_TX	0

SR	0x00000000	read-write	@ 0x40003C08
 RXNE	0
 TXE	0
 CRCERR	0
 MODF	0
 OVR	0
 BSY	0
 TIFRFE	0
 FRLVL	0x0
 FTLVL	0x0

DR	0x00000000	read-write	@ 0x40003C0C
 DR	0x0

CRCPR	0x00000000	read-write	@ 0x40003C10
 CRCPOLY	0x0

RXCRCR	0x00000000	read-only	@ 0x40003C14
 RxCRC	0x0

TXCRCR	0x00000000	read-only	@ 0x40003C18
 TxCRC	0x0

Peripheral :SPI2
Name	Value	Access	Address
CR1	0x00000000	read-write	@ 0x40003800
 BIDIMODE	0
 BIDIOE	0
 CRCEN	0
 CRCNEXT	0
 DFF	0
 RXONLY	0
 SSM	0
 SSI	0
 LSBFIRST	0
 SPE	0
 BR	0x0
 MSTR	0
 CPOL	0
 CPHA	0

CR2	0x00000000	read-write	@ 0x40003804
 RXDMAEN	0
 TXDMAEN	0
 SSOE	0
 NSSP	0
 FRF	0
 ERRIE	0
 RXNEIE	0
 TXEIE	0
 DS	0x0
 FRXTH	0
 LDMA_RX	0
 LDMA_TX	0

SR	0x00000000	read-write	@ 0x40003808
 RXNE	0
 TXE	0
 CRCERR	0
 MODF	0
 OVR	0
 BSY	0
 TIFRFE	0
 FRLVL	0x0
 FTLVL	0x0

DR	0x00000000	read-write	@ 0x4000380C
 DR	0x0

CRCPR	0x00000000	read-write	@ 0x40003810
 CRCPOLY	0x0

RXCRCR	0x00000000	read-only	@ 0x40003814
 RxCRC	0x0

TXCRCR	0x00000000	read-only	@ 0x40003818
 TxCRC	0x0

Peripheral :SDMMC
Name	Value	Access	Address
POWER	0x00000000	read-write	@ 0x40012800
 PWRCTRL	0x0

CLKCR	0x00000000	read-write	@ 0x40012804
 HWFC_EN	0
 NEGEDGE	0
 WIDBUS	0x0
 BYPASS	0
 PWRSAV	0
 CLKEN	0
 CLKDIV	0x0

ARG	0x00000000	read-write	@ 0x40012808
 CMDARG	0x0

CMD	0x00000000	read-write	@ 0x4001280C
 CE_ATACMD	0
 nIEN	0
 ENCMDcompl	0
 SDIOSuspend	0
 CPSMEN	0
 WAITPEND	0
 WAITINT	0
 WAITRESP	0x0
 CMDINDEX	0x0

RESPCMD	0x00000000	read-only	@ 0x40012810
 RESPCMD	0x0

RESP1	0x00000000	read-only	@ 0x40012814
 CARDSTATUS1	0x0

RESP2	0x00000000	read-only	@ 0x40012818
 CARDSTATUS2	0x0

RESP3	0x00000000	read-only	@ 0x4001281C
 CARDSTATUS3	0x0

RESP4	0x00000000	read-only	@ 0x40012820
 CARDSTATUS4	0x0

DTIMER	0x00000000	read-write	@ 0x40012824
 DATATIME	0x0

DLEN	0x00000000	read-write	@ 0x40012828
 DATALENGTH	0x0

DCTRL	0x00000000	read-write	@ 0x4001282C
 SDIOEN	0
 RWMOD	0
 RWSTOP	0
 RWSTART	0
 DBLOCKSIZE	0x0
 DMAEN	0
 DTMODE	0
 DTDIR	0
 DTEN	0

DCOUNT	0x00000000	read-only	@ 0x40012830
 DATACOUNT	0x0

STA	0x00000000	read-only	@ 0x40012834
 CEATAEND	0
 SDIOIT	0
 RXDAVL	0
 TXDAVL	0
 RXFIFOE	0
 TXFIFOE	0
 RXFIFOF	0
 TXFIFOF	0
 RXFIFOHF	0
 TXFIFOHE	0
 RXACT	0
 TXACT	0
 CMDACT	0
 DBCKEND	0
 STBITERR	0
 DATAEND	0
 CMDSENT	0
 CMDREND	0
 RXOVERR	0
 TXUNDERR	0
 DTIMEOUT	0
 CTIMEOUT	0
 DCRCFAIL	0
 CCRCFAIL	0

ICR	0x00000000	read-write	@ 0x40012838
 CEATAENDC	0
 SDIOITC	0
 DBCKENDC	0
 STBITERRC	0
 DATAENDC	0
 CMDSENTC	0
 CMDRENDC	0
 RXOVERRC	0
 TXUNDERRC	0
 DTIMEOUTC	0
 CTIMEOUTC	0
 DCRCFAILC	0
 CCRCFAILC	0

MASK	0x00000000	read-write	@ 0x4001283C
 CEATAENDIE	0
 SDIOITIE	0
 RXDAVLIE	0
 TXDAVLIE	0
 RXFIFOEIE	0
 TXFIFOEIE	0
 RXFIFOFIE	0
 TXFIFOFIE	0
 RXFIFOHFIE	0
 TXFIFOHEIE	0
 RXACTIE	0
 TXACTIE	0
 CMDACTIE	0
 DBCKENDIE	0
 STBITERRIE	0
 DATAENDIE	0
 CMDSENTIE	0
 CMDRENDIE	0
 RXOVERRIE	0
 TXUNDERRIE	0
 DTIMEOUTIE	0
 CTIMEOUTIE	0
 DCRCFAILIE	0
 CCRCFAILIE	0

FIFOCNT	0x00000000	read-only	@ 0x40012848
 FIFOCOUNT	0x0

FIFO	0x00000000	read-write	@ 0x40012880
 FIFOData	0x0

Peripheral :EXTI
Name	Value	Access	Address
IMR1	0xFF820000	read-write	@ 0x40010400
 MR0	0
 MR1	0
 MR2	0
 MR3	0
 MR4	0
 MR5	0
 MR6	0
 MR7	0
 MR8	0
 MR9	0
 MR10	0
 MR11	0
 MR12	0
 MR13	0
 MR14	0
 MR15	0
 MR16	0
 MR17	1
 MR18	0
 MR19	0
 MR20	0
 MR21	0
 MR22	0
 MR23	1
 MR24	1
 MR25	1
 MR26	1
 MR27	1
 MR28	1
 MR29	1
 MR30	1
 MR31	1

EMR1	0x00000000	read-write	@ 0x40010404
 MR0	0
 MR1	0
 MR2	0
 MR3	0
 MR4	0
 MR5	0
 MR6	0
 MR7	0
 MR8	0
 MR9	0
 MR10	0
 MR11	0
 MR12	0
 MR13	0
 MR14	0
 MR15	0
 MR16	0
 MR17	0
 MR18	0
 MR19	0
 MR20	0
 MR21	0
 MR22	0
 MR23	0
 MR24	0
 MR25	0
 MR26	0
 MR27	0
 MR28	0
 MR29	0
 MR30	0
 MR31	0

RTSR1	0x00000000	read-write	@ 0x40010408
 TR0	0
 TR1	0
 TR2	0
 TR3	0
 TR4	0
 TR5	0
 TR6	0
 TR7	0
 TR8	0
 TR9	0
 TR10	0
 TR11	0
 TR12	0
 TR13	0
 TR14	0
 TR15	0
 TR16	0
 TR18	0
 TR19	0
 TR20	0
 TR21	0
 TR22	0

FTSR1	0x00000000	read-write	@ 0x4001040C
 TR0	0
 TR1	0
 TR2	0
 TR3	0
 TR4	0
 TR5	0
 TR6	0
 TR7	0
 TR8	0
 TR9	0
 TR10	0
 TR11	0
 TR12	0
 TR13	0
 TR14	0
 TR15	0
 TR16	0
 TR18	0
 TR19	0
 TR20	0
 TR21	0
 TR22	0

SWIER1	0x00000000	read-write	@ 0x40010410
 SWIER0	0
 SWIER1	0
 SWIER2	0
 SWIER3	0
 SWIER4	0
 SWIER5	0
 SWIER6	0
 SWIER7	0
 SWIER8	0
 SWIER9	0
 SWIER10	0
 SWIER11	0
 SWIER12	0
 SWIER13	0
 SWIER14	0
 SWIER15	0
 SWIER16	0
 SWIER18	0
 SWIER19	0
 SWIER20	0
 SWIER21	0
 SWIER22	0

PR1	0x00000000	read-write	@ 0x40010414
 PR0	0
 PR1	0
 PR2	0
 PR3	0
 PR4	0
 PR5	0
 PR6	0
 PR7	0
 PR8	0
 PR9	0
 PR10	0
 PR11	0
 PR12	0
 PR13	0
 PR14	0
 PR15	0
 PR16	0
 PR18	0
 PR19	0
 PR20	0
 PR21	0
 PR22	0

IMR2	0x00000087	read-write	@ 0x40010420
 MR32	1
 MR33	1
 MR34	1
 MR35	0
 MR36	0
 MR37	0
 MR38	0
 MR39	1

EMR2	0x00000000	read-write	@ 0x40010424
 MR32	0
 MR33	0
 MR34	0
 MR35	0
 MR36	0
 MR37	0
 MR38	0
 MR39	0

RTSR2	0x00000000	read-write	@ 0x40010428
 RT35	0
 RT36	0
 RT37	0
 RT38	0

FTSR2	0x00000000	read-write	@ 0x4001042C
 FT35	0
 FT36	0
 FT37	0
 FT38	0

SWIER2	0x00000000	read-write	@ 0x40010430
 SWI35	0
 SWI36	0
 SWI37	0
 SWI38	0

PR2	0x00000000	read-write	@ 0x40010434
 PIF35	0
 PIF36	0
 PIF37	0
 PIF38	0

Peripheral :VREFBUF
Name	Value	Access	Address
CSR	0x00000000	read-write	@ 0x40010030
 ENVR	0
 HIZ	0
 VRS	0
 VRR	0

CCR	0x00000000	read-write	@ 0x40010034
 TRIM	0x0

Peripheral :CAN1
Name	Value	Access	Address
MCR	0x00010002	read-write	@ 0x40006400
 DBF	1
 RESET	0
 TTCM	0
 ABOM	0
 AWUM	0
 NART	0
 RFLM	0
 TXFP	0
 SLEEP	1
 INRQ	0

MSR	0x00000C0A	read-write	@ 0x40006404
 RX	1
 SAMP	1
 RXM	0
 TXM	0
 SLAKI	0
 WKUI	1
 ERRI	0
 SLAK	1
 INAK	0

TSR	0x1C000000	read-write	@ 0x40006408
 LOW2	0
 LOW1	0
 LOW0	0
 TME2	1
 TME1	1
 TME0	1
 CODE	0x0
 ABRQ2	0
 TERR2	0
 ALST2	0
 TXOK2	0
 RQCP2	0
 ABRQ1	0
 TERR1	0
 ALST1	0
 TXOK1	0
 RQCP1	0
 ABRQ0	0
 TERR0	0
 ALST0	0
 TXOK0	0
 RQCP0	0

RF0R	0x00000000	read-write	@ 0x4000640C
 RFOM0	0
 FOVR0	0
 FULL0	0
 FMP0	0x0

RF1R	0x00000000	read-write	@ 0x40006410
 RFOM1	0
 FOVR1	0
 FULL1	0
 FMP1	0x0

IER	0x00000000	read-write	@ 0x40006414
 SLKIE	0
 WKUIE	0
 ERRIE	0
 LECIE	0
 BOFIE	0
 EPVIE	0
 EWGIE	0
 FOVIE1	0
 FFIE1	0
 FMPIE1	0
 FOVIE0	0
 FFIE0	0
 FMPIE0	0
 TMEIE	0

ESR	0x00000000	read-write	@ 0x40006418
 REC	0x0
 TEC	0x0
 LEC	0x0
 BOFF	0
 EPVF	0
 EWGF	0

BTR	0x01230000	read-write	@ 0x4000641C
 SILM	0
 LBKM	0
 SJW	0x1
 TS2	0x2
 TS1	0x3
 BRP	0x0

TI0R	0x96530E48	read-write	@ 0x40006580
 STID	0x4B2
 EXID	0x261C9
 IDE	0
 RTR	0
 TXRQ	0

TDT0R	0x96530E49	read-write	@ 0x40006584
 TIME	0x9653
 TGT	0
 DLC	0x9

TDL0R	0x96530E49	read-write	@ 0x40006588
 DATA3	0x96
 DATA2	0x53
 DATA1	0xE
 DATA0	0x49

TDH0R	0x96530E49	read-write	@ 0x4000658C
 DATA7	0x96
 DATA6	0x53
 DATA5	0xE
 DATA4	0x49

TI1R	0x96530E48	read-write	@ 0x40006590
 STID	0x4B2
 EXID	0x261C9
 IDE	0
 RTR	0
 TXRQ	0

TDT1R	0x96530E49	read-write	@ 0x40006594
 TIME	0x9653
 TGT	0
 DLC	0x9

TDL1R	0x96530E49	read-write	@ 0x40006598
 DATA3	0x96
 DATA2	0x53
 DATA1	0xE
 DATA0	0x49

TDH1R	0x96530E49	read-write	@ 0x4000659C
 DATA7	0x96
 DATA6	0x53
 DATA5	0xE
 DATA4	0x49

TI2R	0x96530E48	read-write	@ 0x400065A0
 STID	0x4B2
 EXID	0x261C9
 IDE	0
 RTR	0
 TXRQ	0

TDT2R	0x96530E49	read-write	@ 0x400065A4
 TIME	0x9653
 TGT	0
 DLC	0x9

TDL2R	0x96530E49	read-write	@ 0x400065A8
 DATA3	0x96
 DATA2	0x53
 DATA1	0xE
 DATA0	0x49

TDH2R	0x96530E49	read-write	@ 0x400065AC
 DATA7	0x96
 DATA6	0x53
 DATA5	0xE
 DATA4	0x49

RI0R	0x96530E49	read-only	@ 0x400065B0
 STID	0x4B2
 EXID	0x261C9
 IDE	0
 RTR	0

RDT0R	0x96530E49	read-only	@ 0x400065B4
 TIME	0x9653
 FMI	0xE
 DLC	0x9

RDL0R	0x96530E49	read-only	@ 0x400065B8
 DATA3	0x96
 DATA2	0x53
 DATA1	0xE
 DATA0	0x49

RDH0R	0x96530E49	read-only	@ 0x400065BC
 DATA7	0x96
 DATA6	0x53
 DATA5	0xE
 DATA4	0x49

RI1R	0x96530E49	read-only	@ 0x400065C0
 STID	0x4B2
 EXID	0x261C9
 IDE	0
 RTR	0

RDT1R	0x96530E49	read-only	@ 0x400065C4
 TIME	0x9653
 FMI	0xE
 DLC	0x9

RDL1R	0x96530E49	read-only	@ 0x400065C8
 DATA3	0x96
 DATA2	0x53
 DATA1	0xE
 DATA0	0x49

RDH1R	0x96530E49	read-only	@ 0x400065CC
 DATA7	0x96
 DATA6	0x53
 DATA5	0xE
 DATA4	0x49

FMR	0x2A1C0E01	read-write	@ 0x40006600
 FINIT	1

FM1R	0x00000000	read-write	@ 0x40006604
 FBM0	0
 FBM1	0
 FBM2	0
 FBM3	0
 FBM4	0
 FBM5	0
 FBM6	0
 FBM7	0
 FBM8	0
 FBM9	0
 FBM10	0
 FBM11	0
 FBM12	0
 FBM13	0

FS1R	0x00000000	read-write	@ 0x4000660C
 FSC0	0
 FSC1	0
 FSC2	0
 FSC3	0
 FSC4	0
 FSC5	0
 FSC6	0
 FSC7	0
 FSC8	0
 FSC9	0
 FSC10	0
 FSC11	0
 FSC12	0
 FSC13	0

FFA1R	0x00000000	read-write	@ 0x40006614
 FFA0	0
 FFA1	0
 FFA2	0
 FFA3	0
 FFA4	0
 FFA5	0
 FFA6	0
 FFA7	0
 FFA8	0
 FFA9	0
 FFA10	0
 FFA11	0
 FFA12	0
 FFA13	0

FA1R	0x00000000	read-write	@ 0x4000661C
 FACT0	0
 FACT1	0
 FACT2	0
 FACT3	0
 FACT4	0
 FACT5	0
 FACT6	0
 FACT7	0
 FACT8	0
 FACT9	0
 FACT10	0
 FACT11	0
 FACT12	0
 FACT13	0

F0R1	0x96530E49	read-write	@ 0x40006640
 FB0	1
 FB1	0
 FB2	0
 FB3	1
 FB4	0
 FB5	0
 FB6	1
 FB7	0
 FB8	0
 FB9	1
 FB10	1
 FB11	1
 FB12	0
 FB13	0
 FB14	0
 FB15	0
 FB16	1
 FB17	1
 FB18	0
 FB19	0
 FB20	1
 FB21	0
 FB22	1
 FB23	0
 FB24	0
 FB25	1
 FB26	1
 FB27	0
 FB28	1
 FB29	0
 FB30	0
 FB31	1

F0R2	0x96530E49	read-write	@ 0x40006644
 FB0	1
 FB1	0
 FB2	0
 FB3	1
 FB4	0
 FB5	0
 FB6	1
 FB7	0
 FB8	0
 FB9	1
 FB10	1
 FB11	1
 FB12	0
 FB13	0
 FB14	0
 FB15	0
 FB16	1
 FB17	1
 FB18	0
 FB19	0
 FB20	1
 FB21	0
 FB22	1
 FB23	0
 FB24	0
 FB25	1
 FB26	1
 FB27	0
 FB28	1
 FB29	0
 FB30	0
 FB31	1

F1R1	0x96530E49	read-write	@ 0x40006648
 FB0	1
 FB1	0
 FB2	0
 FB3	1
 FB4	0
 FB5	0
 FB6	1
 FB7	0
 FB8	0
 FB9	1
 FB10	1
 FB11	1
 FB12	0
 FB13	0
 FB14	0
 FB15	0
 FB16	1
 FB17	1
 FB18	0
 FB19	0
 FB20	1
 FB21	0
 FB22	1
 FB23	0
 FB24	0
 FB25	1
 FB26	1
 FB27	0
 FB28	1
 FB29	0
 FB30	0
 FB31	1

F1R2	0x96530E49	read-write	@ 0x4000664C
 FB0	1
 FB1	0
 FB2	0
 FB3	1
 FB4	0
 FB5	0
 FB6	1
 FB7	0
 FB8	0
 FB9	1
 FB10	1
 FB11	1
 FB12	0
 FB13	0
 FB14	0
 FB15	0
 FB16	1
 FB17	1
 FB18	0
 FB19	0
 FB20	1
 FB21	0
 FB22	1
 FB23	0
 FB24	0
 FB25	1
 FB26	1
 FB27	0
 FB28	1
 FB29	0
 FB30	0
 FB31	1

F2R1	0x96530E49	read-write	@ 0x40006650
 FB0	1
 FB1	0
 FB2	0
 FB3	1
 FB4	0
 FB5	0
 FB6	1
 FB7	0
 FB8	0
 FB9	1
 FB10	1
 FB11	1
 FB12	0
 FB13	0
 FB14	0
 FB15	0
 FB16	1
 FB17	1
 FB18	0
 FB19	0
 FB20	1
 FB21	0
 FB22	1
 FB23	0
 FB24	0
 FB25	1
 FB26	1
 FB27	0
 FB28	1
 FB29	0
 FB30	0
 FB31	1

F2R2	0x96530E49	read-write	@ 0x40006654
 FB0	1
 FB1	0
 FB2	0
 FB3	1
 FB4	0
 FB5	0
 FB6	1
 FB7	0
 FB8	0
 FB9	1
 FB10	1
 FB11	1
 FB12	0
 FB13	0
 FB14	0
 FB15	0
 FB16	1
 FB17	1
 FB18	0
 FB19	0
 FB20	1
 FB21	0
 FB22	1
 FB23	0
 FB24	0
 FB25	1
 FB26	1
 FB27	0
 FB28	1
 FB29	0
 FB30	0
 FB31	1

F3R1	0x96530E49	read-write	@ 0x40006658
 FB0	1
 FB1	0
 FB2	0
 FB3	1
 FB4	0
 FB5	0
 FB6	1
 FB7	0
 FB8	0
 FB9	1
 FB10	1
 FB11	1
 FB12	0
 FB13	0
 FB14	0
 FB15	0
 FB16	1
 FB17	1
 FB18	0
 FB19	0
 FB20	1
 FB21	0
 FB22	1
 FB23	0
 FB24	0
 FB25	1
 FB26	1
 FB27	0
 FB28	1
 FB29	0
 FB30	0
 FB31	1

F3R2	0x96530E49	read-write	@ 0x4000665C
 FB0	1
 FB1	0
 FB2	0
 FB3	1
 FB4	0
 FB5	0
 FB6	1
 FB7	0
 FB8	0
 FB9	1
 FB10	1
 FB11	1
 FB12	0
 FB13	0
 FB14	0
 FB15	0
 FB16	1
 FB17	1
 FB18	0
 FB19	0
 FB20	1
 FB21	0
 FB22	1
 FB23	0
 FB24	0
 FB25	1
 FB26	1
 FB27	0
 FB28	1
 FB29	0
 FB30	0
 FB31	1

F4R1	0x96530E49	read-write	@ 0x40006660
 FB0	1
 FB1	0
 FB2	0
 FB3	1
 FB4	0
 FB5	0
 FB6	1
 FB7	0
 FB8	0
 FB9	1
 FB10	1
 FB11	1
 FB12	0
 FB13	0
 FB14	0
 FB15	0
 FB16	1
 FB17	1
 FB18	0
 FB19	0
 FB20	1
 FB21	0
 FB22	1
 FB23	0
 FB24	0
 FB25	1
 FB26	1
 FB27	0
 FB28	1
 FB29	0
 FB30	0
 FB31	1

F4R2	0x96530E49	read-write	@ 0x40006664
 FB0	1
 FB1	0
 FB2	0
 FB3	1
 FB4	0
 FB5	0
 FB6	1
 FB7	0
 FB8	0
 FB9	1
 FB10	1
 FB11	1
 FB12	0
 FB13	0
 FB14	0
 FB15	0
 FB16	1
 FB17	1
 FB18	0
 FB19	0
 FB20	1
 FB21	0
 FB22	1
 FB23	0
 FB24	0
 FB25	1
 FB26	1
 FB27	0
 FB28	1
 FB29	0
 FB30	0
 FB31	1

F5R1	0x96530E49	read-write	@ 0x40006668
 FB0	1
 FB1	0
 FB2	0
 FB3	1
 FB4	0
 FB5	0
 FB6	1
 FB7	0
 FB8	0
 FB9	1
 FB10	1
 FB11	1
 FB12	0
 FB13	0
 FB14	0
 FB15	0
 FB16	1
 FB17	1
 FB18	0
 FB19	0
 FB20	1
 FB21	0
 FB22	1
 FB23	0
 FB24	0
 FB25	1
 FB26	1
 FB27	0
 FB28	1
 FB29	0
 FB30	0
 FB31	1

F5R2	0x96530E49	read-write	@ 0x4000666C
 FB0	1
 FB1	0
 FB2	0
 FB3	1
 FB4	0
 FB5	0
 FB6	1
 FB7	0
 FB8	0
 FB9	1
 FB10	1
 FB11	1
 FB12	0
 FB13	0
 FB14	0
 FB15	0
 FB16	1
 FB17	1
 FB18	0
 FB19	0
 FB20	1
 FB21	0
 FB22	1
 FB23	0
 FB24	0
 FB25	1
 FB26	1
 FB27	0
 FB28	1
 FB29	0
 FB30	0
 FB31	1

F6R1	0x96530E49	read-write	@ 0x40006670
 FB0	1
 FB1	0
 FB2	0
 FB3	1
 FB4	0
 FB5	0
 FB6	1
 FB7	0
 FB8	0
 FB9	1
 FB10	1
 FB11	1
 FB12	0
 FB13	0
 FB14	0
 FB15	0
 FB16	1
 FB17	1
 FB18	0
 FB19	0
 FB20	1
 FB21	0
 FB22	1
 FB23	0
 FB24	0
 FB25	1
 FB26	1
 FB27	0
 FB28	1
 FB29	0
 FB30	0
 FB31	1

F6R2	0x96530E49	read-write	@ 0x40006674
 FB0	1
 FB1	0
 FB2	0
 FB3	1
 FB4	0
 FB5	0
 FB6	1
 FB7	0
 FB8	0
 FB9	1
 FB10	1
 FB11	1
 FB12	0
 FB13	0
 FB14	0
 FB15	0
 FB16	1
 FB17	1
 FB18	0
 FB19	0
 FB20	1
 FB21	0
 FB22	1
 FB23	0
 FB24	0
 FB25	1
 FB26	1
 FB27	0
 FB28	1
 FB29	0
 FB30	0
 FB31	1

F7R1	0x96530E49	read-write	@ 0x40006678
 FB0	1
 FB1	0
 FB2	0
 FB3	1
 FB4	0
 FB5	0
 FB6	1
 FB7	0
 FB8	0
 FB9	1
 FB10	1
 FB11	1
 FB12	0
 FB13	0
 FB14	0
 FB15	0
 FB16	1
 FB17	1
 FB18	0
 FB19	0
 FB20	1
 FB21	0
 FB22	1
 FB23	0
 FB24	0
 FB25	1
 FB26	1
 FB27	0
 FB28	1
 FB29	0
 FB30	0
 FB31	1

F7R2	0x96530E49	read-write	@ 0x4000667C
 FB0	1
 FB1	0
 FB2	0
 FB3	1
 FB4	0
 FB5	0
 FB6	1
 FB7	0
 FB8	0
 FB9	1
 FB10	1
 FB11	1
 FB12	0
 FB13	0
 FB14	0
 FB15	0
 FB16	1
 FB17	1
 FB18	0
 FB19	0
 FB20	1
 FB21	0
 FB22	1
 FB23	0
 FB24	0
 FB25	1
 FB26	1
 FB27	0
 FB28	1
 FB29	0
 FB30	0
 FB31	1

F8R1	0x96530E49	read-write	@ 0x40006680
 FB0	1
 FB1	0
 FB2	0
 FB3	1
 FB4	0
 FB5	0
 FB6	1
 FB7	0
 FB8	0
 FB9	1
 FB10	1
 FB11	1
 FB12	0
 FB13	0
 FB14	0
 FB15	0
 FB16	1
 FB17	1
 FB18	0
 FB19	0
 FB20	1
 FB21	0
 FB22	1
 FB23	0
 FB24	0
 FB25	1
 FB26	1
 FB27	0
 FB28	1
 FB29	0
 FB30	0
 FB31	1

F8R2	0x96530E49	read-write	@ 0x40006684
 FB0	1
 FB1	0
 FB2	0
 FB3	1
 FB4	0
 FB5	0
 FB6	1
 FB7	0
 FB8	0
 FB9	1
 FB10	1
 FB11	1
 FB12	0
 FB13	0
 FB14	0
 FB15	0
 FB16	1
 FB17	1
 FB18	0
 FB19	0
 FB20	1
 FB21	0
 FB22	1
 FB23	0
 FB24	0
 FB25	1
 FB26	1
 FB27	0
 FB28	1
 FB29	0
 FB30	0
 FB31	1

F9R1	0x96530E49	read-write	@ 0x40006688
 FB0	1
 FB1	0
 FB2	0
 FB3	1
 FB4	0
 FB5	0
 FB6	1
 FB7	0
 FB8	0
 FB9	1
 FB10	1
 FB11	1
 FB12	0
 FB13	0
 FB14	0
 FB15	0
 FB16	1
 FB17	1
 FB18	0
 FB19	0
 FB20	1
 FB21	0
 FB22	1
 FB23	0
 FB24	0
 FB25	1
 FB26	1
 FB27	0
 FB28	1
 FB29	0
 FB30	0
 FB31	1

F9R2	0x96530E49	read-write	@ 0x4000668C
 FB0	1
 FB1	0
 FB2	0
 FB3	1
 FB4	0
 FB5	0
 FB6	1
 FB7	0
 FB8	0
 FB9	1
 FB10	1
 FB11	1
 FB12	0
 FB13	0
 FB14	0
 FB15	0
 FB16	1
 FB17	1
 FB18	0
 FB19	0
 FB20	1
 FB21	0
 FB22	1
 FB23	0
 FB24	0
 FB25	1
 FB26	1
 FB27	0
 FB28	1
 FB29	0
 FB30	0
 FB31	1

F10R1	0x96530E49	read-write	@ 0x40006690
 FB0	1
 FB1	0
 FB2	0
 FB3	1
 FB4	0
 FB5	0
 FB6	1
 FB7	0
 FB8	0
 FB9	1
 FB10	1
 FB11	1
 FB12	0
 FB13	0
 FB14	0
 FB15	0
 FB16	1
 FB17	1
 FB18	0
 FB19	0
 FB20	1
 FB21	0
 FB22	1
 FB23	0
 FB24	0
 FB25	1
 FB26	1
 FB27	0
 FB28	1
 FB29	0
 FB30	0
 FB31	1

F10R2	0x96530E49	read-write	@ 0x40006694
 FB0	1
 FB1	0
 FB2	0
 FB3	1
 FB4	0
 FB5	0
 FB6	1
 FB7	0
 FB8	0
 FB9	1
 FB10	1
 FB11	1
 FB12	0
 FB13	0
 FB14	0
 FB15	0
 FB16	1
 FB17	1
 FB18	0
 FB19	0
 FB20	1
 FB21	0
 FB22	1
 FB23	0
 FB24	0
 FB25	1
 FB26	1
 FB27	0
 FB28	1
 FB29	0
 FB30	0
 FB31	1

F11R1	0x96530E49	read-write	@ 0x40006698
 FB0	1
 FB1	0
 FB2	0
 FB3	1
 FB4	0
 FB5	0
 FB6	1
 FB7	0
 FB8	0
 FB9	1
 FB10	1
 FB11	1
 FB12	0
 FB13	0
 FB14	0
 FB15	0
 FB16	1
 FB17	1
 FB18	0
 FB19	0
 FB20	1
 FB21	0
 FB22	1
 FB23	0
 FB24	0
 FB25	1
 FB26	1
 FB27	0
 FB28	1
 FB29	0
 FB30	0
 FB31	1

F11R2	0x96530E49	read-write	@ 0x4000669C
 FB0	1
 FB1	0
 FB2	0
 FB3	1
 FB4	0
 FB5	0
 FB6	1
 FB7	0
 FB8	0
 FB9	1
 FB10	1
 FB11	1
 FB12	0
 FB13	0
 FB14	0
 FB15	0
 FB16	1
 FB17	1
 FB18	0
 FB19	0
 FB20	1
 FB21	0
 FB22	1
 FB23	0
 FB24	0
 FB25	1
 FB26	1
 FB27	0
 FB28	1
 FB29	0
 FB30	0
 FB31	1

F12R1	0x96530E49	read-write	@ 0x400066A0
 FB0	1
 FB1	0
 FB2	0
 FB3	1
 FB4	0
 FB5	0
 FB6	1
 FB7	0
 FB8	0
 FB9	1
 FB10	1
 FB11	1
 FB12	0
 FB13	0
 FB14	0
 FB15	0
 FB16	1
 FB17	1
 FB18	0
 FB19	0
 FB20	1
 FB21	0
 FB22	1
 FB23	0
 FB24	0
 FB25	1
 FB26	1
 FB27	0
 FB28	1
 FB29	0
 FB30	0
 FB31	1

F12R2	0x96530E49	read-write	@ 0x400066A4
 FB0	1
 FB1	0
 FB2	0
 FB3	1
 FB4	0
 FB5	0
 FB6	1
 FB7	0
 FB8	0
 FB9	1
 FB10	1
 FB11	1
 FB12	0
 FB13	0
 FB14	0
 FB15	0
 FB16	1
 FB17	1
 FB18	0
 FB19	0
 FB20	1
 FB21	0
 FB22	1
 FB23	0
 FB24	0
 FB25	1
 FB26	1
 FB27	0
 FB28	1
 FB29	0
 FB30	0
 FB31	1

F13R1	0x96530E49	read-write	@ 0x400066A8
 FB0	1
 FB1	0
 FB2	0
 FB3	1
 FB4	0
 FB5	0
 FB6	1
 FB7	0
 FB8	0
 FB9	1
 FB10	1
 FB11	1
 FB12	0
 FB13	0
 FB14	0
 FB15	0
 FB16	1
 FB17	1
 FB18	0
 FB19	0
 FB20	1
 FB21	0
 FB22	1
 FB23	0
 FB24	0
 FB25	1
 FB26	1
 FB27	0
 FB28	1
 FB29	0
 FB30	0
 FB31	1

F13R2	0x96530E49	read-write	@ 0x400066AC
 FB0	1
 FB1	0
 FB2	0
 FB3	1
 FB4	0
 FB5	0
 FB6	1
 FB7	0
 FB8	0
 FB9	1
 FB10	1
 FB11	1
 FB12	0
 FB13	0
 FB14	0
 FB15	0
 FB16	1
 FB17	1
 FB18	0
 FB19	0
 FB20	1
 FB21	0
 FB22	1
 FB23	0
 FB24	0
 FB25	1
 FB26	1
 FB27	0
 FB28	1
 FB29	0
 FB30	0
 FB31	1

F14R1	0x96530E49	read-write	@ 0x400066B0
 FB0	1
 FB1	0
 FB2	0
 FB3	1
 FB4	0
 FB5	0
 FB6	1
 FB7	0
 FB8	0
 FB9	1
 FB10	1
 FB11	1
 FB12	0
 FB13	0
 FB14	0
 FB15	0
 FB16	1
 FB17	1
 FB18	0
 FB19	0
 FB20	1
 FB21	0
 FB22	1
 FB23	0
 FB24	0
 FB25	1
 FB26	1
 FB27	0
 FB28	1
 FB29	0
 FB30	0
 FB31	1

F14R2	0x96530E49	read-write	@ 0x400066B4
 FB0	1
 FB1	0
 FB2	0
 FB3	1
 FB4	0
 FB5	0
 FB6	1
 FB7	0
 FB8	0
 FB9	1
 FB10	1
 FB11	1
 FB12	0
 FB13	0
 FB14	0
 FB15	0
 FB16	1
 FB17	1
 FB18	0
 FB19	0
 FB20	1
 FB21	0
 FB22	1
 FB23	0
 FB24	0
 FB25	1
 FB26	1
 FB27	0
 FB28	1
 FB29	0
 FB30	0
 FB31	1

F15R1	0x96530E49	read-write	@ 0x400066B8
 FB0	1
 FB1	0
 FB2	0
 FB3	1
 FB4	0
 FB5	0
 FB6	1
 FB7	0
 FB8	0
 FB9	1
 FB10	1
 FB11	1
 FB12	0
 FB13	0
 FB14	0
 FB15	0
 FB16	1
 FB17	1
 FB18	0
 FB19	0
 FB20	1
 FB21	0
 FB22	1
 FB23	0
 FB24	0
 FB25	1
 FB26	1
 FB27	0
 FB28	1
 FB29	0
 FB30	0
 FB31	1

F15R2	0x96530E49	read-write	@ 0x400066BC
 FB0	1
 FB1	0
 FB2	0
 FB3	1
 FB4	0
 FB5	0
 FB6	1
 FB7	0
 FB8	0
 FB9	1
 FB10	1
 FB11	1
 FB12	0
 FB13	0
 FB14	0
 FB15	0
 FB16	1
 FB17	1
 FB18	0
 FB19	0
 FB20	1
 FB21	0
 FB22	1
 FB23	0
 FB24	0
 FB25	1
 FB26	1
 FB27	0
 FB28	1
 FB29	0
 FB30	0
 FB31	1

F16R1	0x96530E49	read-write	@ 0x400066C0
 FB0	1
 FB1	0
 FB2	0
 FB3	1
 FB4	0
 FB5	0
 FB6	1
 FB7	0
 FB8	0
 FB9	1
 FB10	1
 FB11	1
 FB12	0
 FB13	0
 FB14	0
 FB15	0
 FB16	1
 FB17	1
 FB18	0
 FB19	0
 FB20	1
 FB21	0
 FB22	1
 FB23	0
 FB24	0
 FB25	1
 FB26	1
 FB27	0
 FB28	1
 FB29	0
 FB30	0
 FB31	1

F16R2	0x96530E49	read-write	@ 0x400066C4
 FB0	1
 FB1	0
 FB2	0
 FB3	1
 FB4	0
 FB5	0
 FB6	1
 FB7	0
 FB8	0
 FB9	1
 FB10	1
 FB11	1
 FB12	0
 FB13	0
 FB14	0
 FB15	0
 FB16	1
 FB17	1
 FB18	0
 FB19	0
 FB20	1
 FB21	0
 FB22	1
 FB23	0
 FB24	0
 FB25	1
 FB26	1
 FB27	0
 FB28	1
 FB29	0
 FB30	0
 FB31	1

F17R1	0x96530E49	read-write	@ 0x400066C8
 FB0	1
 FB1	0
 FB2	0
 FB3	1
 FB4	0
 FB5	0
 FB6	1
 FB7	0
 FB8	0
 FB9	1
 FB10	1
 FB11	1
 FB12	0
 FB13	0
 FB14	0
 FB15	0
 FB16	1
 FB17	1
 FB18	0
 FB19	0
 FB20	1
 FB21	0
 FB22	1
 FB23	0
 FB24	0
 FB25	1
 FB26	1
 FB27	0
 FB28	1
 FB29	0
 FB30	0
 FB31	1

F17R2	0x96530E49	read-write	@ 0x400066CC
 FB0	1
 FB1	0
 FB2	0
 FB3	1
 FB4	0
 FB5	0
 FB6	1
 FB7	0
 FB8	0
 FB9	1
 FB10	1
 FB11	1
 FB12	0
 FB13	0
 FB14	0
 FB15	0
 FB16	1
 FB17	1
 FB18	0
 FB19	0
 FB20	1
 FB21	0
 FB22	1
 FB23	0
 FB24	0
 FB25	1
 FB26	1
 FB27	0
 FB28	1
 FB29	0
 FB30	0
 FB31	1

F18R1	0x96530E49	read-write	@ 0x400066D0
 FB0	1
 FB1	0
 FB2	0
 FB3	1
 FB4	0
 FB5	0
 FB6	1
 FB7	0
 FB8	0
 FB9	1
 FB10	1
 FB11	1
 FB12	0
 FB13	0
 FB14	0
 FB15	0
 FB16	1
 FB17	1
 FB18	0
 FB19	0
 FB20	1
 FB21	0
 FB22	1
 FB23	0
 FB24	0
 FB25	1
 FB26	1
 FB27	0
 FB28	1
 FB29	0
 FB30	0
 FB31	1

F18R2	0x96530E49	read-write	@ 0x400066D4
 FB0	1
 FB1	0
 FB2	0
 FB3	1
 FB4	0
 FB5	0
 FB6	1
 FB7	0
 FB8	0
 FB9	1
 FB10	1
 FB11	1
 FB12	0
 FB13	0
 FB14	0
 FB15	0
 FB16	1
 FB17	1
 FB18	0
 FB19	0
 FB20	1
 FB21	0
 FB22	1
 FB23	0
 FB24	0
 FB25	1
 FB26	1
 FB27	0
 FB28	1
 FB29	0
 FB30	0
 FB31	1

F19R1	0x96530E49	read-write	@ 0x400066D8
 FB0	1
 FB1	0
 FB2	0
 FB3	1
 FB4	0
 FB5	0
 FB6	1
 FB7	0
 FB8	0
 FB9	1
 FB10	1
 FB11	1
 FB12	0
 FB13	0
 FB14	0
 FB15	0
 FB16	1
 FB17	1
 FB18	0
 FB19	0
 FB20	1
 FB21	0
 FB22	1
 FB23	0
 FB24	0
 FB25	1
 FB26	1
 FB27	0
 FB28	1
 FB29	0
 FB30	0
 FB31	1

F19R2	0x96530E49	read-write	@ 0x400066DC
 FB0	1
 FB1	0
 FB2	0
 FB3	1
 FB4	0
 FB5	0
 FB6	1
 FB7	0
 FB8	0
 FB9	1
 FB10	1
 FB11	1
 FB12	0
 FB13	0
 FB14	0
 FB15	0
 FB16	1
 FB17	1
 FB18	0
 FB19	0
 FB20	1
 FB21	0
 FB22	1
 FB23	0
 FB24	0
 FB25	1
 FB26	1
 FB27	0
 FB28	1
 FB29	0
 FB30	0
 FB31	1

F20R1	0x96530E49	read-write	@ 0x400066E0
 FB0	1
 FB1	0
 FB2	0
 FB3	1
 FB4	0
 FB5	0
 FB6	1
 FB7	0
 FB8	0
 FB9	1
 FB10	1
 FB11	1
 FB12	0
 FB13	0
 FB14	0
 FB15	0
 FB16	1
 FB17	1
 FB18	0
 FB19	0
 FB20	1
 FB21	0
 FB22	1
 FB23	0
 FB24	0
 FB25	1
 FB26	1
 FB27	0
 FB28	1
 FB29	0
 FB30	0
 FB31	1

F20R2	0x96530E49	read-write	@ 0x400066E4
 FB0	1
 FB1	0
 FB2	0
 FB3	1
 FB4	0
 FB5	0
 FB6	1
 FB7	0
 FB8	0
 FB9	1
 FB10	1
 FB11	1
 FB12	0
 FB13	0
 FB14	0
 FB15	0
 FB16	1
 FB17	1
 FB18	0
 FB19	0
 FB20	1
 FB21	0
 FB22	1
 FB23	0
 FB24	0
 FB25	1
 FB26	1
 FB27	0
 FB28	1
 FB29	0
 FB30	0
 FB31	1

F21R1	0x96530E49	read-write	@ 0x400066E8
 FB0	1
 FB1	0
 FB2	0
 FB3	1
 FB4	0
 FB5	0
 FB6	1
 FB7	0
 FB8	0
 FB9	1
 FB10	1
 FB11	1
 FB12	0
 FB13	0
 FB14	0
 FB15	0
 FB16	1
 FB17	1
 FB18	0
 FB19	0
 FB20	1
 FB21	0
 FB22	1
 FB23	0
 FB24	0
 FB25	1
 FB26	1
 FB27	0
 FB28	1
 FB29	0
 FB30	0
 FB31	1

F21R2	0x96530E49	read-write	@ 0x400066EC
 FB0	1
 FB1	0
 FB2	0
 FB3	1
 FB4	0
 FB5	0
 FB6	1
 FB7	0
 FB8	0
 FB9	1
 FB10	1
 FB11	1
 FB12	0
 FB13	0
 FB14	0
 FB15	0
 FB16	1
 FB17	1
 FB18	0
 FB19	0
 FB20	1
 FB21	0
 FB22	1
 FB23	0
 FB24	0
 FB25	1
 FB26	1
 FB27	0
 FB28	1
 FB29	0
 FB30	0
 FB31	1

F22R1	0x96530E49	read-write	@ 0x400066F0
 FB0	1
 FB1	0
 FB2	0
 FB3	1
 FB4	0
 FB5	0
 FB6	1
 FB7	0
 FB8	0
 FB9	1
 FB10	1
 FB11	1
 FB12	0
 FB13	0
 FB14	0
 FB15	0
 FB16	1
 FB17	1
 FB18	0
 FB19	0
 FB20	1
 FB21	0
 FB22	1
 FB23	0
 FB24	0
 FB25	1
 FB26	1
 FB27	0
 FB28	1
 FB29	0
 FB30	0
 FB31	1

F22R2	0x96530E49	read-write	@ 0x400066F4
 FB0	1
 FB1	0
 FB2	0
 FB3	1
 FB4	0
 FB5	0
 FB6	1
 FB7	0
 FB8	0
 FB9	1
 FB10	1
 FB11	1
 FB12	0
 FB13	0
 FB14	0
 FB15	0
 FB16	1
 FB17	1
 FB18	0
 FB19	0
 FB20	1
 FB21	0
 FB22	1
 FB23	0
 FB24	0
 FB25	1
 FB26	1
 FB27	0
 FB28	1
 FB29	0
 FB30	0
 FB31	1

F23R1	0x96530E49	read-write	@ 0x400066F8
 FB0	1
 FB1	0
 FB2	0
 FB3	1
 FB4	0
 FB5	0
 FB6	1
 FB7	0
 FB8	0
 FB9	1
 FB10	1
 FB11	1
 FB12	0
 FB13	0
 FB14	0
 FB15	0
 FB16	1
 FB17	1
 FB18	0
 FB19	0
 FB20	1
 FB21	0
 FB22	1
 FB23	0
 FB24	0
 FB25	1
 FB26	1
 FB27	0
 FB28	1
 FB29	0
 FB30	0
 FB31	1

F23R2	0x96530E49	read-write	@ 0x400066FC
 FB0	1
 FB1	0
 FB2	0
 FB3	1
 FB4	0
 FB5	0
 FB6	1
 FB7	0
 FB8	0
 FB9	1
 FB10	1
 FB11	1
 FB12	0
 FB13	0
 FB14	0
 FB15	0
 FB16	1
 FB17	1
 FB18	0
 FB19	0
 FB20	1
 FB21	0
 FB22	1
 FB23	0
 FB24	0
 FB25	1
 FB26	1
 FB27	0
 FB28	1
 FB29	0
 FB30	0
 FB31	1

F24R1	0x96530E49	read-write	@ 0x40006700
 FB0	1
 FB1	0
 FB2	0
 FB3	1
 FB4	0
 FB5	0
 FB6	1
 FB7	0
 FB8	0
 FB9	1
 FB10	1
 FB11	1
 FB12	0
 FB13	0
 FB14	0
 FB15	0
 FB16	1
 FB17	1
 FB18	0
 FB19	0
 FB20	1
 FB21	0
 FB22	1
 FB23	0
 FB24	0
 FB25	1
 FB26	1
 FB27	0
 FB28	1
 FB29	0
 FB30	0
 FB31	1

F24R2	0x96530E49	read-write	@ 0x40006704
 FB0	1
 FB1	0
 FB2	0
 FB3	1
 FB4	0
 FB5	0
 FB6	1
 FB7	0
 FB8	0
 FB9	1
 FB10	1
 FB11	1
 FB12	0
 FB13	0
 FB14	0
 FB15	0
 FB16	1
 FB17	1
 FB18	0
 FB19	0
 FB20	1
 FB21	0
 FB22	1
 FB23	0
 FB24	0
 FB25	1
 FB26	1
 FB27	0
 FB28	1
 FB29	0
 FB30	0
 FB31	1

F25R1	0x96530E49	read-write	@ 0x40006708
 FB0	1
 FB1	0
 FB2	0
 FB3	1
 FB4	0
 FB5	0
 FB6	1
 FB7	0
 FB8	0
 FB9	1
 FB10	1
 FB11	1
 FB12	0
 FB13	0
 FB14	0
 FB15	0
 FB16	1
 FB17	1
 FB18	0
 FB19	0
 FB20	1
 FB21	0
 FB22	1
 FB23	0
 FB24	0
 FB25	1
 FB26	1
 FB27	0
 FB28	1
 FB29	0
 FB30	0
 FB31	1

F25R2	0x96530E49	read-write	@ 0x4000670C
 FB0	1
 FB1	0
 FB2	0
 FB3	1
 FB4	0
 FB5	0
 FB6	1
 FB7	0
 FB8	0
 FB9	1
 FB10	1
 FB11	1
 FB12	0
 FB13	0
 FB14	0
 FB15	0
 FB16	1
 FB17	1
 FB18	0
 FB19	0
 FB20	1
 FB21	0
 FB22	1
 FB23	0
 FB24	0
 FB25	1
 FB26	1
 FB27	0
 FB28	1
 FB29	0
 FB30	0
 FB31	1

F26R1	0x96530E49	read-write	@ 0x40006710
 FB0	1
 FB1	0
 FB2	0
 FB3	1
 FB4	0
 FB5	0
 FB6	1
 FB7	0
 FB8	0
 FB9	1
 FB10	1
 FB11	1
 FB12	0
 FB13	0
 FB14	0
 FB15	0
 FB16	1
 FB17	1
 FB18	0
 FB19	0
 FB20	1
 FB21	0
 FB22	1
 FB23	0
 FB24	0
 FB25	1
 FB26	1
 FB27	0
 FB28	1
 FB29	0
 FB30	0
 FB31	1

F26R2	0x96530E49	read-write	@ 0x40006714
 FB0	1
 FB1	0
 FB2	0
 FB3	1
 FB4	0
 FB5	0
 FB6	1
 FB7	0
 FB8	0
 FB9	1
 FB10	1
 FB11	1
 FB12	0
 FB13	0
 FB14	0
 FB15	0
 FB16	1
 FB17	1
 FB18	0
 FB19	0
 FB20	1
 FB21	0
 FB22	1
 FB23	0
 FB24	0
 FB25	1
 FB26	1
 FB27	0
 FB28	1
 FB29	0
 FB30	0
 FB31	1

F27R1	0x96530E49	read-write	@ 0x40006718
 FB0	1
 FB1	0
 FB2	0
 FB3	1
 FB4	0
 FB5	0
 FB6	1
 FB7	0
 FB8	0
 FB9	1
 FB10	1
 FB11	1
 FB12	0
 FB13	0
 FB14	0
 FB15	0
 FB16	1
 FB17	1
 FB18	0
 FB19	0
 FB20	1
 FB21	0
 FB22	1
 FB23	0
 FB24	0
 FB25	1
 FB26	1
 FB27	0
 FB28	1
 FB29	0
 FB30	0
 FB31	1

F27R2	0x96530E49	read-write	@ 0x4000671C
 FB0	1
 FB1	0
 FB2	0
 FB3	1
 FB4	0
 FB5	0
 FB6	1
 FB7	0
 FB8	0
 FB9	1
 FB10	1
 FB11	1
 FB12	0
 FB13	0
 FB14	0
 FB15	0
 FB16	1
 FB17	1
 FB18	0
 FB19	0
 FB20	1
 FB21	0
 FB22	1
 FB23	0
 FB24	0
 FB25	1
 FB26	1
 FB27	0
 FB28	1
 FB29	0
 FB30	0
 FB31	1

Peripheral :RTC
Name	Value	Access	Address
TR	0x00000000	read-write	@ 0x40002800
 PM	0
 HT	0x0
 HU	0x0
 MNT	0x0
 MNU	0x0
 ST	0x0
 SU	0x0

DR	0x00002101	read-write	@ 0x40002804
 YT	0x0
 YU	0x0
 WDU	0x1
 MT	0
 MU	0x1
 DT	0x0
 DU	0x1

CR	0x00000000	read-write	@ 0x40002808
 WCKSEL	0x0
 TSEDGE	0
 REFCKON	0
 BYPSHAD	0
 FMT	0
 ALRAE	0
 ALRBE	0
 WUTE	0
 TSE	0
 ALRAIE	0
 ALRBIE	0
 WUTIE	0
 TSIE	0
 ADD1H	0
 SUB1H	0
 BKP	0
 COSEL	0
 POL	0
 OSEL	0x0
 COE	0
 ITSE	0

ISR	0x00000007	read-write	@ 0x4000280C
 ALRAWF	1
 ALRBWF	1
 WUTWF	1
 SHPF	0
 INITS	0
 RSF	0
 INITF	0
 INIT	0
 ALRAF	0
 ALRBF	0
 WUTF	0
 TSF	0
 TSOVF	0
 TAMP1F	0
 TAMP2F	0
 TAMP3F	0
 RECALPF	0

PRER	0x007F00FF	read-write	@ 0x40002810
 PREDIV_A	0x7F
 PREDIV_S	0xFF

WUTR	0x0000FFFF	read-write	@ 0x40002814
 WUT	0xFFFF

ALRMAR	0x00000000	read-write	@ 0x4000281C
 MSK4	0
 WDSEL	0
 DT	0x0
 DU	0x0
 MSK3	0
 PM	0
 HT	0x0
 HU	0x0
 MSK2	0
 MNT	0x0
 MNU	0x0
 MSK1	0
 ST	0x0
 SU	0x0

ALRMBR	0x00000000	read-write	@ 0x40002820
 MSK4	0
 WDSEL	0
 DT	0x0
 DU	0x0
 MSK3	0
 PM	0
 HT	0x0
 HU	0x0
 MSK2	0
 MNT	0x0
 MNU	0x0
 MSK1	0
 ST	0x0
 SU	0x0

WPR	write-only	write-only	@ 0x40002824
 KEY	W

SSR	0x00000000	read-only	@ 0x40002828
 SS	0x0

SHIFTR	write-only	write-only	@ 0x4000282C
 ADD1S	W
 SUBFS	W

TSTR	0x00000000	read-only	@ 0x40002830
 SU	0x0
 ST	0x0
 MNU	0x0
 MNT	0x0
 HU	0x0
 HT	0x0
 PM	0

TSDR	0x00000000	read-only	@ 0x40002834
 WDU	0x0
 MT	0
 MU	0x0
 DT	0x0
 DU	0x0

TSSSR	0x00000000	read-only	@ 0x40002838
 SS	0x0

CALR	0x00000000	read-write	@ 0x4000283C
 CALP	0
 CALW8	0
 CALW16	0
 CALM	0x0

TAMPCR	0x00000000	read-write	@ 0x40002840
 TAMP1E	0
 TAMP1TRG	0
 TAMPIE	0
 TAMP2E	0
 TAMP2TRG	0
 TAMP3E	0
 TAMP3TRG	0
 TAMPTS	0
 TAMPFREQ	0x0
 TAMPFLT	0x0
 TAMPPRCH	0x0
 TAMPPUDIS	0
 TAMP1IE	0
 TAMP1NOERASE	0
 TAMP1MF	0
 TAMP2IE	0
 TAMP2NOERASE	0
 TAMP2MF	0
 TAMP3IE	0
 TAMP3NOERASE	0
 TAMP3MF	0

ALRMASSR	0x00000000	read-write	@ 0x40002844
 MASKSS	0x0
 SS	0x0

ALRMBSSR	0x00000000	read-write	@ 0x40002848
 MASKSS	0x0
 SS	0x0

OR	0x00000000	read-write	@ 0x4000284C
 RTC_ALARM_TYPE	0
 RTC_OUT_RMP	0

BKP0R	0x00000000	read-write	@ 0x40002850
 BKP	0x0

BKP1R	0x00000000	read-write	@ 0x40002854
 BKP	0x0

BKP2R	0x00000000	read-write	@ 0x40002858
 BKP	0x0

BKP3R	0x00000000	read-write	@ 0x4000285C
 BKP	0x0

BKP4R	0x00000000	read-write	@ 0x40002860
 BKP	0x0

BKP5R	0x00000000	read-write	@ 0x40002864
 BKP	0x0

BKP6R	0x00000000	read-write	@ 0x40002868
 BKP	0x0

BKP7R	0x00000000	read-write	@ 0x4000286C
 BKP	0x0

BKP8R	0x00000000	read-write	@ 0x40002870
 BKP	0x0

BKP9R	0x00000000	read-write	@ 0x40002874
 BKP	0x0

BKP10R	0x00000000	read-write	@ 0x40002878
 BKP	0x0

BKP11R	0x00000000	read-write	@ 0x4000287C
 BKP	0x0

BKP12R	0x00000000	read-write	@ 0x40002880
 BKP	0x0

BKP13R	0x00000000	read-write	@ 0x40002884
 BKP	0x0

BKP14R	0x00000000	read-write	@ 0x40002888
 BKP	0x0

BKP15R	0x00000000	read-write	@ 0x4000288C
 BKP	0x0

BKP16R	0x00000000	read-write	@ 0x40002890
 BKP	0x0

BKP17R	0x00000000	read-write	@ 0x40002894
 BKP	0x0

BKP18R	0x00000000	read-write	@ 0x40002898
 BKP	0x0

BKP19R	0x00000000	read-write	@ 0x4000289C
 BKP	0x0

BKP20R	0x00000000	read-write	@ 0x400028A0
 BKP	0x0

BKP21R	0x00000000	read-write	@ 0x400028A4
 BKP	0x0

BKP22R	0x00000000	read-write	@ 0x400028A8
 BKP	0x0

BKP23R	0x00000000	read-write	@ 0x400028AC
 BKP	0x0

BKP24R	0x00000000	read-write	@ 0x400028B0
 BKP	0x0

BKP25R	0x00000000	read-write	@ 0x400028B4
 BKP	0x0

BKP26R	0x00000000	read-write	@ 0x400028B8
 BKP	0x0

BKP27R	0x00000000	read-write	@ 0x400028BC
 BKP	0x0

BKP28R	0x00000000	read-write	@ 0x400028C0
 BKP	0x0

BKP29R	0x00000000	read-write	@ 0x400028C4
 BKP	0x0

BKP30R	0x00000000	read-write	@ 0x400028C8
 BKP	0x0

BKP31R	0x00000000	read-write	@ 0x400028CC
 BKP	0x0

Peripheral :SWPMI1
Name	Value	Access	Address
CR	0x00000000	read-write	@ 0x40008800
 RXDMA	0
 TXDMA	0
 RXMODE	0
 TXMODE	0
 LPBK	0
 SWPME	0
 DEACT	0

BRR	0x00000001	read-write	@ 0x40008804
 BR	0x1

ISR	0x000002C2	read-only	@ 0x4000880C
 RXBFF	0
 TXBEF	1
 RXBERF	0
 RXOVRF	0
 TXUNRF	0
 RXNE	0
 TXE	1
 TCF	1
 SRF	0
 SUSP	1
 DEACTF	0

ICR	write-only	write-only	@ 0x40008810
 CRXBFF	W
 CTXBEF	W
 CRXBERF	W
 CRXOVRF	W
 CTXUNRF	W
 CTCF	W
 CSRF	W

IER	0x00000000	read-write	@ 0x40008814
 RXBFIE	0
 TXBEIE	0
 RXBERIE	0
 RXOVRIE	0
 TXUNRIE	0
 RIE	0
 TIE	0
 TCIE	0
 SRIE	0

RFL	0x00000000	read-only	@ 0x40008818
 RFL	0x0

TDR	write-only	write-only	@ 0x4000881C
 TD	W

RDR	0x00000000	read-only	@ 0x40008820
 RD	0x0

Peripheral :OPAMP
Name	Value	Access	Address
OPAMP1_CSR	0x00000000	read-write	@ 0x40007800
 OPAEN	0
 OPALPM	0
 OPAMODE	0x0
 PGA_GAIN	0x0
 VM_SEL	0x0
 VP_SEL	0
 CALON	0
 CALSEL	0
 USERTRIM	0
 CALOUT	0
 OPA_RANGE	0

OPAMP1_OTR	0x00000000	read-write	@ 0x40007804
 TRIMOFFSETN	0x0
 TRIMOFFSETP	0x0

OPAMP1_LPOTR	0x00000000	read-write	@ 0x40007808
 TRIMLPOFFSETN	0x0
 TRIMLPOFFSETP	0x0

OPAMP2_CSR	0x00000000	read-write	@ 0x40007810
 OPAEN	0
 OPALPM	0
 OPAMODE	0x0
 PGA_GAIN	0x0
 VM_SEL	0x0
 VP_SEL	0
 CALON	0
 CALSEL	0
 USERTRIM	0
 CALOUT	0

OPAMP2_OTR	0x00000000	read-write	@ 0x40007814
 TRIMOFFSETN	0x0
 TRIMOFFSETP	0x0

OPAMP2_LPOTR	0x00000000	read-write	@ 0x40007818
 TRIMLPOFFSETN	0x0
 TRIMLPOFFSETP	0x0

Peripheral :CRS
Name	Value	Access	Address
CR	0x00002000	read-write	@ 0x40006000
 TRIM	0x20
 SWSYNC	0
 AUTOTRIMEN	0
 CEN	0
 ESYNCIE	0
 ERRIE	0
 SYNCWARNIE	0
 SYNCOKIE	0

CFGR	0x2022BB7F	read-write	@ 0x40006004
 SYNCPOL	0
 SYNCSRC	0x2
 SYNCDIV	0x0
 FELIM	0x22
 RELOAD	0xBB7F

ISR	0x00000000	read-only	@ 0x40006008
 FECAP	0x0
 FEDIR	0
 TRIMOVF	0
 SYNCMISS	0
 SYNCERR	0
 ESYNCF	0
 ERRF	0
 SYNCWARNF	0
 SYNCOKF	0

ICR	0x00000000	read-write	@ 0x4000600C
 ESYNCC	0
 ERRC	0
 SYNCWARNC	0
 SYNCOKC	0

Peripheral :USB_SRAM
Name	Value	Access	Address
EP0R	0x00000000	read-write	@ 0x40006C00
 EA	0x0
 STAT_TX	0x0
 DTOG_TX	0
 CTR_TX	0
 EP_KIND	0
 EP_TYPE	0x0
 SETUP	0
 STAT_RX	0x0
 DTOG_RX	0
 CTR_RX	0

EP1R	0x00000000	read-write	@ 0x40006C04
 EA	0x0
 STAT_TX	0x0
 DTOG_TX	0
 CTR_TX	0
 EP_KIND	0
 EP_TYPE	0x0
 SETUP	0
 STAT_RX	0x0
 DTOG_RX	0
 CTR_RX	0

EP2R	0x00000000	read-write	@ 0x40006C08
 EA	0x0
 STAT_TX	0x0
 DTOG_TX	0
 CTR_TX	0
 EP_KIND	0
 EP_TYPE	0x0
 SETUP	0
 STAT_RX	0x0
 DTOG_RX	0
 CTR_RX	0

EP3R	0x00000000	read-write	@ 0x40006C0C
 EA	0x0
 STAT_TX	0x0
 DTOG_TX	0
 CTR_TX	0
 EP_KIND	0
 EP_TYPE	0x0
 SETUP	0
 STAT_RX	0x0
 DTOG_RX	0
 CTR_RX	0

EP4R	0x00000000	read-write	@ 0x40006C10
 EA	0x0
 STAT_TX	0x0
 DTOG_TX	0
 CTR_TX	0
 EP_KIND	0
 EP_TYPE	0x0
 SETUP	0
 STAT_RX	0x0
 DTOG_RX	0
 CTR_RX	0

EP5R	0x00000000	read-write	@ 0x40006C14
 EA	0x0
 STAT_TX	0x0
 DTOG_TX	0
 CTR_TX	0
 EP_KIND	0
 EP_TYPE	0x0
 SETUP	0
 STAT_RX	0x0
 DTOG_RX	0
 CTR_RX	0

EP6R	0x00000000	read-write	@ 0x40006C18
 EA	0x0
 STAT_TX	0x0
 DTOG_TX	0
 CTR_TX	0
 EP_KIND	0
 EP_TYPE	0x0
 SETUP	0
 STAT_RX	0x0
 DTOG_RX	0
 CTR_RX	0

EP7R	0x00000000	read-write	@ 0x40006C1C
 EA	0x0
 STAT_TX	0x0
 DTOG_TX	0
 CTR_TX	0
 EP_KIND	0
 EP_TYPE	0x0
 SETUP	0
 STAT_RX	0x0
 DTOG_RX	0
 CTR_RX	0

CNTR	0x00000000	read-write	@ 0x40006C40
 FRES	0
 PDWN	0
 LPMODE	0
 FSUSP	0
 RESUME	0
 L1RESUME	0
 L1REQM	0
 ESOFM	0
 SOFM	0
 RESETM	0
 SUSPM	0
 WKUPM	0
 ERRM	0
 PMAOVRM	0
 CTRM	0

ISTR	0x00000000	read-write	@ 0x40006C44
 EP_ID	0x0
 DIR	0
 L1REQ	0
 ESOF	0
 SOF	0
 RESET	0
 SUSP	0
 WKUP	0
 ERR	0
 PMAOVR	0
 CTR	0

FNR	0x00000000	read-only	@ 0x40006C48
 FN	0x0
 LSOF	0x0
 LCK	0
 RXDM	0
 RXDP	0

DADDR	0x00000000	read-write	@ 0x40006C4C
 ADD	0x0
 EF	0

BTABLE	0x00000000	read-write	@ 0x40006C50
 BTABLE	0x0

LPMCSR	0x00000000	read-write	@ 0x40006C54
 LPMEN	0
 LPMACK	0
 REMWAKE	0
 BESL	0x0

BCDR	0x00000000	read-write	@ 0x40006C58
 BCDEN	0
 DCDEN	0
 PDEN	0
 SDEN	0
 DCDET	0
 PDET	0
 SDET	0
 PS2DET	0
 DPPU	0

Peripheral :USB_FS
Name	Value	Access	Address
EP0R	0x00000000	read-write	@ 0x40006800
 EA	0x0
 STAT_TX	0x0
 DTOG_TX	0
 CTR_TX	0
 EP_KIND	0
 EP_TYPE	0x0
 SETUP	0
 STAT_RX	0x0
 DTOG_RX	0
 CTR_RX	0

EP1R	0x00000000	read-write	@ 0x40006804
 EA	0x0
 STAT_TX	0x0
 DTOG_TX	0
 CTR_TX	0
 EP_KIND	0
 EP_TYPE	0x0
 SETUP	0
 STAT_RX	0x0
 DTOG_RX	0
 CTR_RX	0

EP2R	0x00000000	read-write	@ 0x40006808
 EA	0x0
 STAT_TX	0x0
 DTOG_TX	0
 CTR_TX	0
 EP_KIND	0
 EP_TYPE	0x0
 SETUP	0
 STAT_RX	0x0
 DTOG_RX	0
 CTR_RX	0

EP3R	0x00000000	read-write	@ 0x4000680C
 EA	0x0
 STAT_TX	0x0
 DTOG_TX	0
 CTR_TX	0
 EP_KIND	0
 EP_TYPE	0x0
 SETUP	0
 STAT_RX	0x0
 DTOG_RX	0
 CTR_RX	0

EP4R	0x00000000	read-write	@ 0x40006810
 EA	0x0
 STAT_TX	0x0
 DTOG_TX	0
 CTR_TX	0
 EP_KIND	0
 EP_TYPE	0x0
 SETUP	0
 STAT_RX	0x0
 DTOG_RX	0
 CTR_RX	0

EP5R	0x00000000	read-write	@ 0x40006814
 EA	0x0
 STAT_TX	0x0
 DTOG_TX	0
 CTR_TX	0
 EP_KIND	0
 EP_TYPE	0x0
 SETUP	0
 STAT_RX	0x0
 DTOG_RX	0
 CTR_RX	0

EP6R	0x00000000	read-write	@ 0x40006818
 EA	0x0
 STAT_TX	0x0
 DTOG_TX	0
 CTR_TX	0
 EP_KIND	0
 EP_TYPE	0x0
 SETUP	0
 STAT_RX	0x0
 DTOG_RX	0
 CTR_RX	0

EP7R	0x00000000	read-write	@ 0x4000681C
 EA	0x0
 STAT_TX	0x0
 DTOG_TX	0
 CTR_TX	0
 EP_KIND	0
 EP_TYPE	0x0
 SETUP	0
 STAT_RX	0x0
 DTOG_RX	0
 CTR_RX	0

CNTR	0x00000000	read-write	@ 0x40006840
 FRES	0
 PDWN	0
 LPMODE	0
 FSUSP	0
 RESUME	0
 L1RESUME	0
 L1REQM	0
 ESOFM	0
 SOFM	0
 RESETM	0
 SUSPM	0
 WKUPM	0
 ERRM	0
 PMAOVRM	0
 CTRM	0

ISTR	0x00000000	read-write	@ 0x40006844
 EP_ID	0x0
 DIR	0
 L1REQ	0
 ESOF	0
 SOF	0
 RESET	0
 SUSP	0
 WKUP	0
 ERR	0
 PMAOVR	0
 CTR	0

FNR	0x00000000	read-only	@ 0x40006848
 FN	0x0
 LSOF	0x0
 LCK	0
 RXDM	0
 RXDP	0

DADDR	0x00000000	read-write	@ 0x4000684C
 ADD	0x0
 EF	0

BTABLE	0x00000000	read-write	@ 0x40006850
 BTABLE	0x0

LPMCSR	0x00000000	read-write	@ 0x40006854
 LPMEN	0
 LPMACK	0
 REMWAKE	0
 BESL	0x0

BCDR	0x00000000	read-write	@ 0x40006858
 BCDEN	0
 DCDEN	0
 PDEN	0
 SDEN	0
 DCDET	0
 PDET	0
 SDET	0
 PS2DET	0
 DPPU	0

Peripheral :DFSDM
Name	Value	Access	Address
CH0CFGR1	0x00000000	read-write	@ 0x40016000
 DFSDMEN	0
 CKOUTSRC	0
 CKOUTDIV	0x0
 DATPACK	0x0
 DATMPX	0x0
 CHINSEL	0
 CHEN	0
 CKABEN	0
 SCDEN	0
 SPICKSEL	0x0
 SITP	0x0

CH0CFGR2	0x00000000	read-write	@ 0x40016004
 OFFSET	0x0
 DTRBS	0x0

CH0AWSCDR	0x00000000	read-write	@ 0x40016008
 AWFORD	0x0
 AWFOSR	0x0
 BKSCD	0x0
 SCDT	0x0

CH0WDATR	0x00000000	read-write	@ 0x4001600C
 WDATA	0x0

CH0DATINR	0x00000000	read-write	@ 0x40016010
 INDAT1	0x0
 INDAT0	0x0

CH0DLYR	0x00000000	read-write	@ 0x40016014
 PLSSKP	0x0

CH1CFGR1	0x00000000	read-write	@ 0x40016020
 DATPACK	0x0
 DATMPX	0x0
 CHINSEL	0
 CHEN	0
 CKABEN	0
 SCDEN	0
 SPICKSEL	0x0
 SITP	0x0

CH1CFGR2	0x00000000	read-write	@ 0x40016024
 OFFSET	0x0
 DTRBS	0x0

CH1AWSCDR	0x00000000	read-write	@ 0x40016028
 AWFORD	0x0
 AWFOSR	0x0
 BKSCD	0x0
 SCDT	0x0

CH1WDATR	0x00000000	read-write	@ 0x4001602C
 WDATA	0x0

CH1DATINR	0x00000000	read-write	@ 0x40016030
 INDAT1	0x0
 INDAT0	0x0

CH1DLYR	0x00000000	read-write	@ 0x40016034
 PLSSKP	0x0

CH2CFGR1	0x00000000	read-write	@ 0x40016040
 DATPACK	0x0
 DATMPX	0x0
 CHINSEL	0
 CHEN	0
 CKABEN	0
 SCDEN	0
 SPICKSEL	0x0
 SITP	0x0

CH2CFGR2	0x00000000	read-write	@ 0x40016044
 OFFSET	0x0
 DTRBS	0x0

CH2AWSCDR	0x00000000	read-write	@ 0x40016048
 AWFORD	0x0
 AWFOSR	0x0
 BKSCD	0x0
 SCDT	0x0

CH2WDATR	0x00000000	read-write	@ 0x4001604C
 WDATA	0x0

CH2DATINR	0x00000000	read-write	@ 0x40016050
 INDAT1	0x0
 INDAT0	0x0

CH2DLYR	0x00000000	read-write	@ 0x40016054
 PLSSKP	0x0

CH3CFGR1	0x00000000	read-write	@ 0x40016060
 DATPACK	0x0
 DATMPX	0x0
 CHINSEL	0
 CHEN	0
 CKABEN	0
 SCDEN	0
 SPICKSEL	0x0
 SITP	0x0

CH3CFGR2	0x00000000	read-write	@ 0x40016064
 OFFSET	0x0
 DTRBS	0x0

CH3AWSCDR	0x00000000	read-write	@ 0x40016068
 AWFORD	0x0
 AWFOSR	0x0
 BKSCD	0x0
 SCDT	0x0

CH3WDATR	0x00000000	read-write	@ 0x4001606C
 WDATA	0x0

CH3DATINR	0x00000000	read-write	@ 0x40016070
 INDAT1	0x0
 INDAT0	0x0

CH3DLYR	0x00000000	read-write	@ 0x40016074
 PLSSKP	0x0

CH4CFGR1	0x00000000	read-write	@ 0x40016080
 DATPACK	0x0
 DATMPX	0x0
 CHINSEL	0
 CHEN	0
 CKABEN	0
 SCDEN	0
 SPICKSEL	0x0
 SITP	0x0

CH4CFGR2	0x00000000	read-write	@ 0x40016084
 OFFSET	0x0
 DTRBS	0x0

CH4AWSCDR	0x00000000	read-write	@ 0x40016088
 AWFORD	0x0
 AWFOSR	0x0
 BKSCD	0x0
 SCDT	0x0

CH4WDATR	0x00000000	read-write	@ 0x4001608C
 WDATA	0x0

CH4DATINR	0x00000000	read-write	@ 0x40016090
 INDAT1	0x0
 INDAT0	0x0

CH4DLYR	0x00000000	read-write	@ 0x40016094
 PLSSKP	0x0

CH5CFGR1	0x00000000	read-write	@ 0x400160A0
 DATPACK	0x0
 DATMPX	0x0
 CHINSEL	0
 CHEN	0
 CKABEN	0
 SCDEN	0
 SPICKSEL	0x0
 SITP	0x0

CH5CFGR2	0x00000000	read-write	@ 0x400160A4
 OFFSET	0x0
 DTRBS	0x0

CH5AWSCDR	0x00000000	read-write	@ 0x400160A8
 AWFORD	0x0
 AWFOSR	0x0
 BKSCD	0x0
 SCDT	0x0

CH5WDATR	0x00000000	read-write	@ 0x400160AC
 WDATA	0x0

CH5DATINR	0x00000000	read-write	@ 0x400160B0
 INDAT1	0x0
 INDAT0	0x0

CH5DLYR	0x00000000	read-write	@ 0x400160B4
 PLSSKP	0x0

CH6CFGR1	0x00000000	read-write	@ 0x400160C0
 DATPACK	0x0
 DATMPX	0x0
 CHINSEL	0
 CHEN	0
 CKABEN	0
 SCDEN	0
 SPICKSEL	0x0
 SITP	0x0

CH6CFGR2	0x00000000	read-write	@ 0x400160C4
 OFFSET	0x0
 DTRBS	0x0

CH6AWSCDR	0x00000000	read-write	@ 0x400160C8
 AWFORD	0x0
 AWFOSR	0x0
 BKSCD	0x0
 SCDT	0x0

CH6WDATR	0x00000000	read-write	@ 0x400160CC
 WDATA	0x0

CH6DATINR	0x00000000	read-write	@ 0x400160D0
 INDAT1	0x0
 INDAT0	0x0

CH6DLYR	0x00000000	read-write	@ 0x400160D4
 PLSSKP	0x0

CH7CFGR1	0x00000000	read-write	@ 0x400160E0
 DATPACK	0x0
 DATMPX	0x0
 CHINSEL	0
 CHEN	0
 CKABEN	0
 SCDEN	0
 SPICKSEL	0x0
 SITP	0x0

CH7CFGR2	0x00000000	read-write	@ 0x400160E4
 OFFSET	0x0
 DTRBS	0x0

CH7AWSCDR	0x00000000	read-write	@ 0x400160E8
 AWFORD	0x0
 AWFOSR	0x0
 BKSCD	0x0
 SCDT	0x0

CH7WDATR	0x00000000	read-write	@ 0x400160EC
 WDATA	0x0

CH7DATINR	0x00000000	read-write	@ 0x400160F0
 INDAT1	0x0
 INDAT0	0x0

CH7DLYR	0x00000000	read-write	@ 0x400160F4
 PLSSKP	0x0

DFSDM_FLT0CR1	0x00000000	read-write	@ 0x40016100
 AWFSEL	0
 FAST	0
 RCH	0x0
 RDMAEN	0
 RSYNC	0
 RCONT	0
 RSWSTART	0
 JEXTEN	0x0
 JEXTSEL	0x0
 JDMAEN	0
 JSCAN	0
 JSYNC	0
 JSWSTART	0
 DFEN	0

DFSDM_FLT0CR2	0x00000000	read-write	@ 0x40016104
 AWDCH	0x0
 EXCH	0x0
 CKABIE	0
 SCDIE	0
 AWDIE	0
 ROVRIE	0
 JOVRIE	0
 REOCIE	0
 JEOCIE	0

DFSDM_FLT0ISR	0x00000000	read-only	@ 0x40016108
 SCDF	0x0
 CKABF	0x0
 RCIP	0
 JCIP	0
 AWDF	0
 ROVRF	0
 JOVRF	0
 REOCF	0
 JEOCF	0

DFSDM_FLT0ICR	0x00000000	read-write	@ 0x4001610C
 CLRSCDF	0x0
 CLRCKABF	0x0
 CLRROVRF	0
 CLRJOVRF	0

DFSDM_FLT0JCHGR	0x00000000	read-write	@ 0x40016110
 JCHG	0x0

DFSDM_FLT0FCR	0x00000000	read-write	@ 0x40016114
 FORD	0x0
 FOSR	0x0
 IOSR	0x0

DFSDM_FLT0JDATAR	0x00000000	read-only	@ 0x40016118
 JDATA	0x0
 JDATACH	0x0

DFSDM_FLT0RDATAR	0x00000000	read-only	@ 0x4001611C
 RDATA	0x0
 RPEND	0
 RDATACH	0x0

DFSDM_FLT0AWHTR	0x00000000	read-write	@ 0x40016120
 AWHT	0x0
 BKAWH	0x0

DFSDM_FLT0AWLTR	0x00000000	read-write	@ 0x40016124
 AWLT	0x0
 BKAWL	0x0

DFSDM_FLT0AWSR	0x00000000	read-only	@ 0x40016128
 AWHTF	0x0
 AWLTF	0x0

DFSDM_FLT0AWCFR	0x00000000	read-write	@ 0x4001612C
 CLRAWHTF	0x0
 CLRAWLTF	0x0

DFSDM_FLT0EXMAX	0x00000000	read-only	@ 0x40016130
 EXMAX	0x0
 EXMAXCH	0x0

DFSDM_FLT0EXMIN	0x00000000	read-only	@ 0x40016134
 EXMIN	0x0
 EXMINCH	0x0

DFSDM_FLT0CNVTIMR	0x00000000	read-only	@ 0x40016138
 CNVCNT	0x0

DFSDM_FLT1CR1	0x00000000	read-write	@ 0x40016180
 AWFSEL	0
 FAST	0
 RCH	0x0
 RDMAEN	0
 RSYNC	0
 RCONT	0
 RSWSTART	0
 JEXTEN	0x0
 JEXTSEL	0x0
 JDMAEN	0
 JSCAN	0
 JSYNC	0
 JSWSTART	0
 DFEN	0

DFSDM_FLT1CR2	0x00000000	read-write	@ 0x40016184
 AWDCH	0x0
 EXCH	0x0
 CKABIE	0
 SCDIE	0
 AWDIE	0
 ROVRIE	0
 JOVRIE	0
 REOCIE	0
 JEOCIE	0

DFSDM_FLT1ISR	0x00000000	read-only	@ 0x40016188
 SCDF	0x0
 CKABF	0x0
 RCIP	0
 JCIP	0
 AWDF	0
 ROVRF	0
 JOVRF	0
 REOCF	0
 JEOCF	0

DFSDM_FLT1ICR	0x00000000	read-write	@ 0x4001618C
 CLRSCDF	0x0
 CLRCKABF	0x0
 CLRROVRF	0
 CLRJOVRF	0

DFSDM_FLT1CHGR	0x00000000	read-write	@ 0x40016190
 JCHG	0x0

DFSDM_FLT1FCR	0x00000000	read-write	@ 0x40016194
 FORD	0x0
 FOSR	0x0
 IOSR	0x0

DFSDM_FLT1JDATAR	0x00000000	read-only	@ 0x40016198
 JDATA	0x0
 JDATACH	0x0

DFSDM_FLT1RDATAR	0x00000000	read-only	@ 0x4001619C
 RDATA	0x0
 RPEND	0
 RDATACH	0x0

DFSDM_FLT1AWHTR	0x00000000	read-write	@ 0x400161A0
 AWHT	0x0
 BKAWH	0x0

DFSDM_FLT1AWLTR	0x00000000	read-write	@ 0x400161A4
 AWLT	0x0
 BKAWL	0x0

DFSDM_FLT1AWSR	0x00000000	read-only	@ 0x400161A8
 AWHTF	0x0
 AWLTF	0x0

DFSDM_FLT1AWCFR	0x00000000	read-write	@ 0x400161AC
 CLRAWHTF	0x0
 CLRAWLTF	0x0

DFSDM_FLT1EXMAX	0x00000000	read-only	@ 0x400161B0
 EXMAX	0x0
 EXMAXCH	0x0

DFSDM_FLT1EXMIN	0x00000000	read-only	@ 0x400161B4
 EXMIN	0x0
 EXMINCH	0x0

DFSDM_FLT1CNVTIMR	0x00000000	read-only	@ 0x400161B8
 CNVCNT	0x0

DFSDM_FLT2CR1	0x00000000	read-write	@ 0x40016200
 AWFSEL	0
 FAST	0
 RCH	0x0
 RDMAEN	0
 RSYNC	0
 RCONT	0
 RSWSTART	0
 JEXTEN	0x0
 JEXTSEL	0x0
 JDMAEN	0
 JSCAN	0
 JSYNC	0
 JSWSTART	0
 DFEN	0

DFSDM_FLT2CR2	0x00000000	read-write	@ 0x40016204
 AWDCH	0x0
 EXCH	0x0
 CKABIE	0
 SCDIE	0
 AWDIE	0
 ROVRIE	0
 JOVRIE	0
 REOCIE	0
 JEOCIE	0

DFSDM_FLT2ISR	0x00000000	read-only	@ 0x40016208
 SCDF	0x0
 CKABF	0x0
 RCIP	0
 JCIP	0
 AWDF	0
 ROVRF	0
 JOVRF	0
 REOCF	0
 JEOCF	0

DFSDM_FLT2ICR	0x00000000	read-write	@ 0x4001620C
 CLRSCDF	0x0
 CLRCKABF	0x0
 CLRROVRF	0
 CLRJOVRF	0

DFSDM_FLT2JCHGR	0x00000000	read-write	@ 0x40016210
 JCHG	0x0

DFSDM_FLT2FCR	0x00000000	read-write	@ 0x40016214
 FORD	0x0
 FOSR	0x0
 IOSR	0x0

DFSDM_FLT2JDATAR	0x00000000	read-only	@ 0x40016218
 JDATA	0x0
 JDATACH	0x0

DFSDM_FLT2RDATAR	0x00000000	read-only	@ 0x4001621C
 RDATA	0x0
 RPEND	0
 RDATACH	0x0

DFSDM_FLT2AWHTR	0x00000000	read-write	@ 0x40016220
 AWHT	0x0
 BKAWH	0x0

DFSDM_FLT2AWLTR	0x00000000	read-write	@ 0x40016224
 AWLT	0x0
 BKAWL	0x0

DFSDM_FLT2AWSR	0x00000000	read-only	@ 0x40016228
 AWHTF	0x0
 AWLTF	0x0

DFSDM_FLT2AWCFR	0x00000000	read-write	@ 0x4001622C
 CLRAWHTF	0x0
 CLRAWLTF	0x0

DFSDM_FLT2EXMAX	0x00000000	read-only	@ 0x40016230
 EXMAX	0x0
 EXMAXCH	0x0

DFSDM_FLT2EXMIN	0x00000000	read-only	@ 0x40016234
 EXMIN	0x0
 EXMINCH	0x0

DFSDM_FLT2CNVTIMR	0x00000000	read-only	@ 0x40016238
 CNVCNT	0x0

DFSDM_FLT3CR1	0x00000000	read-write	@ 0x40016280
 AWFSEL	0
 FAST	0
 RCH	0x0
 RDMAEN	0
 RSYNC	0
 RCONT	0
 RSWSTART	0
 JEXTEN	0x0
 JEXTSEL	0x0
 JDMAEN	0
 JSCAN	0
 JSYNC	0
 JSWSTART	0
 DFEN	0

DFSDM_FLT3CR2	0x00000000	read-write	@ 0x40016284
 AWDCH	0x0
 EXCH	0x0
 CKABIE	0
 SCDIE	0
 AWDIE	0
 ROVRIE	0
 JOVRIE	0
 REOCIE	0
 JEOCIE	0

DFSDM_FLT3ISR	0x00000000	read-only	@ 0x40016288
 SCDF	0x0
 CKABF	0x0
 RCIP	0
 JCIP	0
 AWDF	0
 ROVRF	0
 JOVRF	0
 REOCF	0
 JEOCF	0

DFSDM_FLT3ICR	0x00000000	read-write	@ 0x4001628C
 CLRSCDF	0x0
 CLRCKABF	0x0
 CLRROVRF	0
 CLRJOVRF	0

DFSDM_FLT3JCHGR	0x00000000	read-write	@ 0x40016290
 JCHG	0x0

DFSDM_FLT3FCR	0x00000000	read-write	@ 0x40016294
 FORD	0x0
 FOSR	0x0
 IOSR	0x0

DFSDM_FLT3JDATAR	0x00000000	read-only	@ 0x40016298
 JDATA	0x0
 JDATACH	0x0

DFSDM_FLT3RDATAR	0x00000000	read-only	@ 0x4001629C
 RDATA	0x0
 RPEND	0
 RDATACH	0x0

DFSDM_FLT3AWHTR	0x00000000	read-write	@ 0x400162A0
 AWHT	0x0
 BKAWH	0x0

DFSDM_FLT3AWLTR	0x00000000	read-write	@ 0x400162A4
 AWLT	0x0
 BKAWL	0x0

DFSDM_FLT3AWSR	0x00000000	read-only	@ 0x400162A8
 AWHTF	0x0
 AWLTF	0x0

DFSDM_FLT3AWCFR	0x00000000	read-write	@ 0x400162AC
 CLRAWHTF	0x0
 CLRAWLTF	0x0

DFSDM_FLT3EXMAX	0x00000000	read-only	@ 0x400162B0
 EXMAX	0x0
 EXMAXCH	0x0

DFSDM_FLT3EXMIN	0x00000000	read-only	@ 0x400162B4
 EXMIN	0x0
 EXMINCH	0x0

DFSDM_FLT3CNVTIMR	0x00000000	read-only	@ 0x400162B8
 CNVCNT	0x0

Peripheral :QUADSPI
Name	Value	Access	Address
CR	0x00000000	read-write	@ 0xA0001000
 PRESCALER	0x0
 PMM	0
 APMS	0
 TOIE	0
 SMIE	0
 FTIE	0
 TCIE	0
 TEIE	0
 FTHRES	0x0
 FSEL	0
 DFM	0
 SSHIFT	0
 TCEN	0
 DMAEN	0
 ABORT	0
 EN	0

DCR	0x00000000	read-write	@ 0xA0001004
 FSIZE	0x0
 CSHT	0x0
 CKMODE	0

SR	0x00000000	read-only	@ 0xA0001008
 FLEVEL	0x0
 BUSY	0
 TOF	0
 SMF	0
 FTF	0
 TCF	0
 TEF	0

FCR	0x00000000	read-write	@ 0xA000100C
 CTOF	0
 CSMF	0
 CTCF	0
 CTEF	0

DLR	0x00000000	read-write	@ 0xA0001010
 DL	0x0

CCR	0x00000000	read-write	@ 0xA0001014
 DDRM	0
 DHHC	0
 SIOO	0
 FMODE	0x0
 DMODE	0x0
 DCYC	0x0
 ABSIZE	0x0
 ABMODE	0x0
 ADSIZE	0x0
 ADMODE	0x0
 IMODE	0x0
 INSTRUCTION	0x0

AR	0x00000000	read-write	@ 0xA0001018
 ADDRESS	0x0

ABR	0x00000000	read-write	@ 0xA000101C
 ALTERNATE	0x0

DR	0x00000000	read-write	@ 0xA0001020
 DATA	0x0

PSMKR	0x00000000	read-write	@ 0xA0001024
 MASK	0x0

PSMAR	0x00000000	read-write	@ 0xA0001028
 MATCH	0x0

PIR	0x00000000	read-write	@ 0xA000102C
 INTERVAL	0x0

LPTR	0x00000000	read-write	@ 0xA0001030
 TIMEOUT	0x0

Peripheral :DBGMCU
Name	Value	Access	Address
IDCODE	0x10016435	read-only	@ 0xE0042000
 DEV_ID	0x435
 REV_ID	0x1001

CR	0x00000000	read-write	@ 0xE0042004
 DBG_SLEEP	0
 DBG_STOP	0
 DBG_STANDBY	0
 TRACE_IOEN	0
 TRACE_MODE	0x0

APB1FZR1	0x00000000	read-write	@ 0xE0042008
 DBG_TIM2_STOP	0
 DBG_TIM6_STOP	0
 DBG_TIM7_STOP	0
 DBG_RTC_STOP	0
 DBG_WWDG_STOP	0
 DBG_IWDG_STOP	0
 DBG_I2C1_STOP	0
 DBG_I2C2_STOP	0
 DBG_I2C3_STOP	0
 DBG_CAN_STOP	0
 DBG_LPTIM1_STOP	0

APB1FZR2	0x00000000	read-write	@ 0xE004200C
 DBG_LPTIM2_STOP	0

APB2FZR	0x00000000	read-write	@ 0xE0042010
 DBG_TIM1_STOP	0
 DBG_TIM15_STOP	0
 DBG_TIM16_STOP	0

